1,1584419128,9be303698e9159764d8b2930edce8f1da1bfa302,277784,3846832,212064,1004128,30348,30704,35372,2812000
1,1585766367,3f6350afc0c153323b9647d70f90c052f865092d,362068,3846832,254352,1004128,30704,30704,77012,2812000
1,1587072972,262f6c507ca59c75df52e23f93c701705ee22798,408116,3846832,282136,1004128,30704,30704,95276,2812000
1,1588357576,3ca6082084fc51b44a2c68c2bd9e29c947223c64,513064,3846832,355884,1004128,30704,30704,126476,2812000
1,1590441494,3d050f286114de1332781ed951b90d42ac36c8ee,620704,3846832,402136,1004128,30704,30704,187864,2812000
1,1592787536,22d79e5e95a0c9a3c5b6cd2e8b2d507b1d34c5dc,679956,3846832,421208,1004128,30704,30704,228044,2812000
1,1592802623,c376b3f1957c0209f4f9d211951cdb035d9e768d,679956,3846832,421208,1004128,30704,30704,228044,2812000
1,1592935199,054f6dc04de35418296e7efd3d48b850b3cdc284,679956,3846832,421208,1004128,30704,30704,228044,2812000
1,1593038071,7946d6698c17cc0d1f00c3b69f9f73095bbbb824,681108,3846832,421208,1004128,30704,30704,229196,2812000
1,1593040868,6b2a013cca4eeb86d52f52c6d681fbee8b560057,681108,3846832,421208,1004128,30704,30704,229196,2812000
1,1593048031,d77dbe046568d92ae9f2576fe107cb90520e0afe,681108,3846832,421208,1004128,30704,30704,229196,2812000
1,1593055251,13117fd8376452a9c9d3b8e0b4864e5fdd6ded73,681108,3846832,421208,1004128,30704,30704,229196,2812000
1,1593093820,a316f8d88d1d00bdb27c57080249c0f1dcc1f815,681184,3846832,421284,1004128,30704,30704,229196,2812000
1,1593369736,27d059b041b3afee46b2812ec65e84df2329b95f,681184,3846832,421284,1004128,30704,30704,229196,2812000
1,1593383292,b55fc9a4e0aa34242b17d1fa6cd51e85bd471448,681184,3846832,421284,1004128,30704,30704,229196,2812000
1,1593542647,4a64c556b08093f40726e78296e1788456af857f,683584,3846832,421284,1004128,30704,30704,231596,2812000
1,1593817317,f2ead7f2c93df366b7ba4a2da06cc77599159c94,683584,3846832,421284,1004128,30704,30704,231596,2812000
1,1593866091,a5aee3d691bc7abd99173841736193bf16e81edb,698684,3846832,421284,1004128,30704,30704,246696,2812000
1,1593919821,61544b873d1ab559918ed022b97a6ffcb2d2c76a,698684,3846832,421284,1004128,30704,30704,246696,2812000
1,1593964308,e6ca2dfd70ef4f76af85b8492e67fb17b1e4dc71,698892,3846832,421492,1004128,30704,30704,246696,2812000
1,1594080901,7e195a35621e629f47be7ebd70f91775a01498da,710344,3846832,432944,1004128,30704,30704,246696,2812000
1,1594118346,f3edd3ee7721bf8c71479de2ea23aab440639bc2,711400,3846832,432944,1004128,30704,30704,247752,2812000
1,1594251609,7f6e9d55fe7447ca70d502e1c513e40e5f0ee9a8,718696,3846832,432944,1004128,30704,30704,255048,2812000
1,1594259679,b4a7ac9d71e1525cbcf22ea7bc394a84036ab148,719480,3846832,433728,1004128,30704,30704,255048,2812000
1,1594321923,8b6e86649d5705750f4007c43eaad63cf6a289bb,725264,3846832,433832,1004128,30704,30704,260728,2812000
1,1594481034,4fb01c6b21d00c4b99623c91a380859b07331dc9,725264,3846832,433832,1004128,30704,30704,260728,2812000
1,1594521574,c589285826f102b2e41619b39ea1ba66510325d1,725264,3846832,433832,1004128,30704,30704,260728,2812000
1,1594568318,a00015a1ac08c058511f3083b755f5838672f8dd,725264,3846832,433832,1004128,30704,30704,260728,2812000
1,1594595018,8c72e1dea69eeb4a27ff5de0a29728146ecde8c7,726816,3846832,433832,1004128,30704,30704,262280,2812000
1,1594595538,b251f3f7e3c1f056040b9016185da8bcf8b41394,726816,3846832,433832,1004128,30704,30704,262280,2812000
1,1594703743,eb10acb8ed51a4ce7e4652c1c7d4d56bdc62ae57,728096,3846832,433832,1004128,30704,30704,263560,2812000
1,1594756785,4e1fc875c3c3f4d4b0284b3b7a02c0f9b4561474,736448,3846832,433832,1004128,30704,30704,271912,2812000
1,1594826637,106f7a3f6a7694cc4d73c84e4980b38852916aa8,737712,3846832,434368,1004128,30704,30704,272640,2812000
1,1594893747,bc14f6d93e2463dfe81660013c591b3ddd6b3ab3,742492,3846832,434572,1004128,30704,30704,277216,2812000
1,1594949873,24ab14f7482d48e94338a9dbf1a07abb15d3b77f,742492,3846832,434572,1004128,30704,30704,277216,2812000
1,1595066135,e29442f1a9174c71bcccf4b366b0c006692a919b,746548,3846832,438628,1004128,30704,30704,277216,2812000
1,1595108427,a982d40480685868bd070054176ba881c07e5924,753824,3846832,438628,1004128,30704,30704,284492,2812000
1,1595118863,06d1743d2253e385a30047fd936ad4e6ef34ca98,753824,3846832,438628,1004128,30704,30704,284492,2812000
1,1595118912,83d08078c3974b2fb4917b04a6decd5f60292a9e,759100,3846832,438628,1004128,30704,30704,289768,2812000
1,1595127986,66e9475b25b0809ffca5cffba932fab3e13b5596,760892,3846832,438628,1004128,30704,30704,291560,2812000
1,1595166864,5f7bce6e2e87cdb772ab3da92212f860f428d72d,770972,3846832,440980,1004128,30704,30704,299288,2812000
1,1595177670,15f75b0ddd9877fac1e5537206d76a32278622a4,771932,3846832,440980,1004128,30704,30704,300248,2812000
1,1595181870,15038468acfbf431d9aab693f0e5058bbe5f2c8c,778192,3846832,440980,1004128,30704,30704,306508,2812000
1,1595187725,3d36fe510f23a2f2072ab96c5b74b0bd15860e56,778192,3846832,440980,1004128,30704,30704,306508,2812000
1,1595190978,71e65af9b7b8823c58e2d08d5cdbf62844b90fd2,779584,3846832,440980,1004128,30704,30704,307900,2812000
1,1595194919,3dd521eef510605bd05ed821ef125c8c983440b2,782832,3846832,440980,1004128,30704,30704,311148,2812000
1,1595202179,e672778b0ef99c1f20efa643f9d02ff4d3417a0c,782832,3846832,440980,1004128,30704,30704,311148,2812000
1,1595207330,741c140aefac7ae9ca978327e379f3103473fdf7,782924,3846832,441072,1004128,30704,30704,311148,2812000
1,1595227782,00836ddebc1331bb2448001e32e246a40cd24eda,784488,3846832,441072,1004128,30704,30704,312712,2812000
1,1595282764,b39cddd5760bc4cbb6ad2c6fe3e7d1c2624b043d,785960,3846832,441072,1004128,30704,30704,314184,2812000
1,1595289422,e6cee80a7b22e7749df408e54367078ff82f17ee,788248,3846832,441072,1004128,30704,30704,316472,2812000
1,1595304410,9ddc6b5d6dc95492ae6e9d58f82b87c931d927b2,795960,3846832,441072,1004128,30704,30704,324184,2812000
1,1595404111,4c8ed0e328d374376aee322b6d9d472e6dc64a11,797368,3846832,441072,1004128,30704,30704,325592,2812000
1,1595452367,3c3cfa6751b1b57f6943a3429bd7885d23119f67,800024,3846832,441072,1004128,30704,30704,328248,2812000
1,1595463356,8a309a4e19c3015530b4519ee66fe1184bae5df6,800120,3846832,441072,1004128,30704,30704,328344,2812000
1,1595475858,5f3f065aa71ef75e28e5e9280657267bbdca24ff,800696,3846832,441072,1004128,30704,30704,328920,2812000
1,1595501462,e3afc9ab5caf840ddfa42635b7115add802fb83f,803784,3846832,441072,1004128,30704,30704,332008,2812000
1,1595543364,c94aaa327a403852cf997f0450a0d018951a08ba,805748,3846832,441072,1004128,30704,30704,333972,2812000
1,1595626664,56156d5577fd041a2ae7d05a6dec1b945f4204c8,806708,3846832,441072,1004128,30704,30704,334932,2812000
1,1595956764,c76c5840063ad1d273a42e34e7474dfe25a6f10f,806708,3846832,441072,1004128,30704,30704,334932,2812000
1,1595965740,19c990b852eee30ad30435de65536ce3f555f077,813992,3846832,442676,1004128,30704,30704,340612,2812000
1,1595990675,b35f2007adbd5b94a26851b523c076f3d51a2e1b,815584,3846832,442676,1004128,30704,30704,342204,2812000
1,1595996246,c3421dda0c841d3d905ac23601dc84e2cb71034d,817392,3846832,442676,1004128,30704,30704,344012,2812000
1,1596138618,449b2247fdbe3cd3c424637ec7d6973caa697f0f,817392,3846832,442676,1004128,30704,30704,344012,2812000
1,1596564100,91299ed21f844a297312b87788ba35aa88108be9,818768,3846832,442676,1004128,30704,30704,345388,2812000
1,1596565846,34c73dda62f973aaa940ffc7c8165cc645324c28,819616,3846832,442676,1004128,30704,30704,346236,2812000
1,1596900196,54f762b419353090d81e7d028a14947d64a311c8,824072,3846832,447132,1004128,30704,30704,346236,2812000
1,1597373984,fb548ac9e4a0d17e30fa3262a7df6b0565015b59,824072,3846832,447132,1004128,30704,30704,346236,2812000
1,1597378645,d3b88e1b1cc371388abe9f34e4880342da136bf6,824760,3846832,447132,1004128,30704,30704,346924,2812000
1,1597512209,d8d789d2a538f9468d1e9009423acf67a3e0af0f,829252,3846832,448000,1004128,30704,30704,350548,2812000
1,1597514583,337aaf2937a1b89d4c36536117261a5fc7b73c97,834712,3846832,453460,1004128,30704,30704,350548,2812000
1,1597514667,ac8796cbc9e4aab47fe1bcde2baa78b04c51683f,834712,3846832,453460,1004128,30704,30704,350548,2812000
1,1597514786,d68f9893fd2a82ee12515b2adf824cd13acd54d5,839360,3846832,458108,1004128,30704,30704,350548,2812000
1,1597514848,40fc24420a5aebc84dc07cd127a3e96c62d59fcc,850704,3846832,458108,1004128,30704,30704,361892,2812000
1,1597514933,d374d8d026c84bb4ac81e8b7ac6131199a1a5e07,850704,3846832,458108,1004128,30704,30704,361892,2812000
1,1597515141,c9729e638d702e0dd80f6d99890a55d9e952bc2d,851396,3846832,458108,1004128,30704,30704,362584,2812000
1,1597530373,117b1f6a5ca9a193cf1458d17a5bfc24d6609be5,851396,3846832,458108,1004128,30704,30704,362584,2812000
1,1597534646,da58af403b82b0eb4f2ac6b9dd962608d81c685b,853956,3846832,458108,1004128,30704,30704,365144,2812000
1,1597538194,46f8eee4fe83635ea4f378fb994b4aa3d2d91568,853956,3846832,458108,1004128,30704,30704,365144,2812000
1,1597615195,2826421c9850aa1ece6eb90e078628a36b33eb64,856648,3846832,460800,1004128,30704,30704,365144,2812000
1,1597693328,f11a74d41d1e31c5bf46cee71f63bd1e1fa34392,857948,3846832,462100,1004128,30704,30704,365144,2812000
1,1597700868,3dc3722570b6b8c9bd3f05b2ac1de208f39ff86d,858148,3846832,462100,1004128,30704,30704,365344,2812000
1,1597773164,13891f1366da8b09f151c33a7d597541ccfbf46b,859508,3846832,462100,1004128,30704,30704,366704,2812000
1,1597775494,7a9c51375b423fa76a2347e759a6d20d956336d4,862644,3846832,462100,1004128,30704,30704,369840,2812000
1,1597789623,c76bd0d2e403ba567e3010729127eac646e249dc,864788,3846832,462100,1004128,30704,30704,371984,2812000
1,1597800714,07e6d25be2e51d63acf0a02e2123f2c44deb2b4a,867332,3846832,462100,1004128,30704,30704,374528,2812000
1,1597867330,4ad461c7974f49df6fba583250d2142b6250bd8d,868192,3846832,462960,1004128,30704,30704,374528,2812000
1,1597875302,3a22219d5dd7c1071b8946434ca8c7a60a98cc9c,868312,3846832,463080,1004128,30704,30704,374528,2812000
1,1597889862,c25b87923ea80052d6b9c80212c94b45b37a6693,871656,3846832,463080,1004128,30704,30704,377872,2812000
1,1597892251,296b20e92518c850aebac9f77e817f15395fe873,874952,3846832,463080,1004128,30704,30704,381168,2812000
1,1597962858,4bd417aebac788852e822186a51db52e33a0774d,881580,3846832,463080,1004128,30704,30704,387796,2812000
1,1597973321,b406e041b3fff45d4c0c98d637ae8bb91299acec,885164,3846832,463080,1004128,30704,30704,391380,2812000
1,1597974780,888f1b315faed4f31cff8dfb22c0a8b13b96c53b,886668,3846832,463080,1004128,30704,30704,392884,2812000
1,1597974823,8d5d64464752c2f7832d38579cab725952e7202c,889244,3846832,463080,1004128,30704,30704,395460,2812000
1,1598077447,3cb03b2b2f0da72960944171081bba8b6cba6722,891420,3846832,463080,1004128,30704,30704,397636,2812000
1,1598137612,6f54edd36527245bb6781e5b925ead1578950b49,891420,3846832,463080,1004128,30704,30704,397636,2812000
1,1598179462,dea5f4aae528e9af6ad597d3075403a8d226ac61,892024,3846832,463080,1004128,30704,30704,398240,2812000
1,1598204606,281aaa0cb6a55f19eceb322871a8d27da9e0e8b2,892024,3846832,463080,1004128,30704,30704,398240,2812000
1,1598219430,49609dd78bb586c8ab3349105ceedeb2eb0d91ea,899984,3846832,470296,1004128,30704,30704,398984,2812000
1,1598238476,b78a777216ba8e0ac9f9da3609348fab8c97699d,899984,3846832,470296,1004128,30704,30704,398984,2812000
1,1598239067,9054feeefd3fe17c460656b5832dbca11229ad19,902832,3846832,470296,1004128,30704,30704,401832,2812000
1,1598542599,01122ed3e8c6bf87f78879a3740977643c1a8c97,902832,3846832,470296,1004128,30704,30704,401832,2812000
1,1598543318,dfaa4dc0cb2753475789fdc7e0ce178ed18bfdaf,904400,3846832,470296,1004128,30704,30704,403400,2812000
1,1598556322,740a54ac9998d276cd79e1059a24837d6ea9c50a,905744,3846832,470296,1004128,30704,30704,404744,2812000
1,1598557278,428554e717acf1630a350200d07b5a681ef06c03,907472,3846832,470296,1004128,30704,30704,406472,2812000
1,1598562722,845135d8e64307cefba5683334c98880e7c8cc66,908816,3846832,470296,1004128,30704,30704,407816,2812000
1,1598565636,88ad705457fe63d99f285d12be81ae7a9f9f352f,912544,3846832,470296,1004128,30704,30704,411544,2812000
1,1598596209,04a0d7c132e3a34939bea2b03db3bc6e6b2ad265,913872,3846832,470296,1004128,30704,30704,412872,2812000
1,1598639735,b687ef114358851033878a3d2c86bbf146575da5,915600,3846832,470296,1004128,30704,30704,414600,2812000
1,1598653223,c905652f807041176375f38b6afa5695732e1237,915600,3846832,470296,1004128,30704,30704,414600,2812000
1,1598658347,98ca965541fb202c67405a959d55070818ffa404,918428,3846832,470296,1004128,30704,30704,417428,2812000
1,1598663660,468c59279251bc52393c66fb86630c3079a597f7,919804,3846832,470296,1004128,30704,30704,418804,2812000
1,1598739916,1f1b5e39f5235fcebc517fd8f932079bcd921653,919804,3846832,470296,1004128,30704,30704,418804,2812000
1,1598742017,2a2fdf7f3edea4b6ce575eb675e8c3a967371b7c,919804,3846832,470296,1004128,30704,30704,418804,2812000
1,1598806306,b4ac94a8fd4ba35163504edd939ef85d087c4fa5,932064,3846832,479816,1004128,30704,30704,421544,2812000
1,1598922404,b8da64ee01c252c1e6df2792741565117e83f93e,932432,3846832,480184,1004128,30704,30704,421544,2812000
1,1598995410,c033b4b28ef7e0ad89524e5c591af3228c0d4a1c,940904,3846832,488656,1004128,30704,30704,421544,2812000
1,1599045201,48f2e10bef4509ef7c1ae7ea0ad7dbda0ad6c485,940904,3846832,488656,1004128,30704,30704,421544,2812000
1,1599156837,18775320f8e375ade5916478f24eded5ceaabf3c,941680,3846832,489432,1004128,30704,30704,421544,2812000
1,1599254532,d44dd61cd6b1b19ff0825c04b1a1addf06f6253c,942712,3846832,489536,1004128,30704,30704,422472,2812000
1,1599258525,612980f90cab73253f83e3f0f9d87bfb08af32e8,943640,3846832,489536,1004128,30704,30704,423400,2812000
1,1599313510,bb1aacbd0b5cf2b4afd51da772c2ecf7a864e6d1,946548,3846832,492444,1004128,30704,30704,423400,2812000
1,1599315482,eef2a005b568ed1523f0c7c5d43374d848b07261,950132,3846832,492444,1004128,30704,30704,426984,2812000
1,1599481798,507edd134e4b4ee2bdd4f199e4a688076e92f59b,951764,3846832,492444,1004128,30704,30704,428616,2812000
1,1599619715,43a3ee9a9360ce329ca1aad455c58d59b6934e0e,953700,3846832,492444,1004128,30704,30704,430552,2812000
1,1599674774,2fd56429ebbeb70c25a6835d05e9165d172f25ee,953700,3846832,492444,1004128,30704,30704,430552,2812000
1,1600100254,4d9f83da1b65a8b3f15a8ab5be26eb4f11908d4c,963604,3846832,492444,1004128,30704,30704,440456,2812000
1,1600106237,eba7a30d8657809a80b58b588424f0ceab7f1739,964048,3846832,492888,1004128,30704,30704,440456,2812000
1,1600115243,9891ac04c3ee9cdd8c84265a84d77918d9057ec5,965072,3846832,492888,1004128,30704,30704,441480,2812000
1,1600116837,203cd19f8af0f8af8e291a5406ebf0b17767d081,967008,3846832,492888,1004128,30704,30704,443416,2812000
1,1600197019,bfef7f8d9d3d8fd753c60fe3cad44a6129925a09,972148,3846832,498028,1004128,30704,30704,443416,2812000
1,1600209698,b29c268f375013d648fb483445bdc9dd1869f275,973924,3846832,499804,1004128,30704,30704,443416,2812000
1,1600479939,14191307e96cc915fa5a67704eba16421cf4deb2,1105176,3846832,507952,1004128,30704,30704,566520,2812000
1,1600542762,44dac7af670feaefb9b3220f242765ceca4a69ee,1106152,3846832,507952,1004128,30704,30704,567496,2812000
1,1600609074,7bd4686f1a498c22061d48849ad1123a2cfd4628,1106648,3846832,507952,1004128,30704,30704,567992,2812000
1,1600614960,d61ae83df13ba7ca7fa0bcec04dd1561565f79fe,1106648,3846832,507952,1004128,30704,30704,567992,2812000
1,1600618265,d080b4ab179c1944e9649fc0daa2a238e1de3f51,1106648,3846832,507952,1004128,30704,30704,567992,2812000
1,1600618472,90188416602be3691f4381a0fad40c3850a6e213,1107800,3846832,507952,1004128,30704,30704,569144,2812000
1,1600622529,055d1d2baeef17f1f9c3fbe5bfb643cc38fc3873,1118764,3846832,518916,1004128,30704,30704,569144,2812000
1,1600671628,807713a29b432b0c17f273e7eda86c734d41a876,1118764,3846832,518916,1004128,30704,30704,569144,2812000
1,1600673458,b9b5724dec33ce92781df653f1ca622a25483fec,1120988,3846832,518916,1004128,30704,30704,571368,2812000
1,1601165186,c864ce0de2012c686a4db83f0e21f83c1759d3f9,1124108,3846832,518916,1004128,30704,30704,574488,2812000
1,1601168790,0dca636f4a678535dd6fa3d41f7f1bd7b3137cbc,1127276,3846832,518916,1004128,30704,30704,577656,2812000
1,1601168957,7c7d2927308bd79d4ae5e9539f48a7dcc60f7ed2,1129404,3846832,518916,1004128,30704,30704,579784,2812000
1,1601169020,bc898fcbfc2da27880d9c4da278f32f8613b023b,1130748,3846832,518916,1004128,30704,30704,581128,2812000
1,1601169139,bdbd79296ea0b6abd293b1c5b26c27d955f4c509,1131820,3846832,518916,1004128,30704,30704,582200,2812000
1,1601169388,08bf25fca77dfcbc6a0f96104093c770f445ae49,1140820,3846832,518916,1004128,30704,30704,591200,2812000
1,1601169981,b48fa7ff4ad997ad9ce7bcebeacde3a6ef00fbb7,1145332,3846832,518916,1004128,30704,30704,595712,2812000
1,1601170107,201584a707f6413939763a0086b236e713ae0714,1147636,3846832,518916,1004128,30704,30704,598016,2812000
1,1601216065,2a9225763bc4459d82b63f54c7254a854ef639ff,1156756,3846832,518916,1004128,30704,30704,607136,2812000
1,1601217352,a7beb8814bae0281efbc1ed113888d32c18d9ac3,1161716,3846832,518916,1004128,30704,30704,612096,2812000
1,1601269406,e93d604ff7258c9a38161a6fa8c934ffb974d02b,1163796,3846832,518916,1004128,30704,30704,614176,2812000
1,1601270327,83fc21fea6f28bf9e5efd4feb5d669938b245732,1165252,3846832,518916,1004128,30704,30704,615632,2812000
1,1601287419,00fb26a44166c9f166c87e59d4d9985f5ac895bf,1173892,3846832,518916,1004128,30704,30704,624272,2812000
1,1601291518,a506801cd73d0aa6a071d61ab95f0c427e458000,1175380,3846832,518916,1004128,30704,30704,625760,2812000
1,1601425126,82968a7381dc9e851487175174ea19750f060beb,1220024,3846832,525592,1004128,30704,30704,663728,2812000
1,1601493064,d292d819587f795a0562590239f539c8b726c7be,1223196,3846832,525592,1004128,30704,30704,666900,2812000
1,1601496592,024d5d69bf21144956ffd59d92f0009369eff69d,1224604,3846832,525592,1004128,30704,30704,668308,2812000
1,1601552987,7a8e00e49d40a92275f53c878904977891c95ec7,1225852,3846832,525592,1004128,30704,30704,669556,2812000
1,1601592665,6136ee6debd570a63fc695a6f4664553303f2324,1230908,3846832,525592,1004128,30704,30704,674612,2812000
1,1601738564,174af7384d1cfcbf15da02d9069bf02bdc433c20,1230908,3846832,525592,1004128,30704,30704,674612,2812000
1,1601764930,e270cd96bf783dea107b523718494d4a90203223,1237596,3846832,525592,1004128,30704,30704,681300,2812000
1,1601777921,686b44d8f82e28507f5cafc314d41d87cfdf7c84,1239116,3846832,525592,1004128,30704,30704,682820,2812000
1,1601779119,2cea0d8b821951e8136b03efe111d2489cbecca1,1239116,3846832,525592,1004128,30704,30704,682820,2812000
1,1601815523,3576f4c169edc3e91260812ab2dc372ec0e5d631,1245932,3846832,525592,1004128,30704,30704,689636,2812000
1,1601815728,a52743e8cdbd723f79b64a766e7489b4e83a39db,1248444,3846832,525592,1004128,30704,30704,692148,2812000
1,1601816049,4ac8e70f5ac83ba1bc214d60acae37e60ee42c1d,1251324,3846832,525592,1004128,30704,30704,695028,2812000
1,1601816313,5d39ae1cc780ea122de56da25e35b31b9949cb90,1253612,3846832,525592,1004128,30704,30704,697316,2812000
1,1601817464,269aa0f36f59407f0f2d47f0258e4bd2cd446b6e,1259900,3846832,525592,1004128,30704,30704,703604,2812000
1,1601820560,85cf70bcd35c7fb6c0430994387d6cc4d1800428,1263724,3846832,525592,1004128,30704,30704,707428,2812000
1,1601820868,4dfc9d3c3c0876c0ff0e77df1cf4fe9a1363a805,1265948,3846832,525592,1004128,30704,30704,709652,2812000
1,1601822361,fcea7c23a4baef25303fdba4263176953c1ba907,1270028,3846832,525592,1004128,30704,30704,713732,2812000
1,1601824581,704598652a782fb750193f7e2fcd0cc0012561c5,1272988,3846832,525592,1004128,30704,30704,716692,2812000
1,1601824800,728a789a2f3858fb9beab0486a82e5db713152d7,1272988,3846832,525592,1004128,30704,30704,716692,2812000
1,1601827215,213bac4657a67979510bb9457adfb509a2c733c0,1278508,3846832,525592,1004128,30704,30704,722212,2812000
1,1601828274,9bfad1ebd693632ea7ed409b2022445973e15698,1288236,3846832,525592,1004128,30704,30704,731940,2812000
1,1601828101,353d4d134fcc81ec9eb2b17a7f89578ec9a0f993,1285052,3846832,525592,1004128,30704,30704,728756,2812000
1,1601828017,ca2c4933741cae6eaf23c1c568e67bf6d66c8c7f,1282604,3846832,525592,1004128,30704,30704,726308,2812000
1,1602374759,6b3b4aa883dc2b781e6e6ac25853bfe94739f38a,1290108,3846832,525592,1004128,30704,30704,733812,2812000
1,1602422472,9d3554220793d515230844f894ede66100bdc039,1294844,3846832,525592,1004128,30704,30704,738548,2812000
1,1602438308,b010db7c19207f0e607d5ccaf0d1f2350dda3964,1298696,3846832,529444,1004128,30704,30704,738548,2812000
1,1602467570,ed719f3da03afcfd5b4ebb47506d63564073a066,1298696,3846832,529444,1004128,30704,30704,738548,2812000
1,1602538937,fff616d2be4566e28a08fae7d2ab1b51ce455f9b,1299260,3846832,530008,1004128,30704,30704,738548,2812000
1,1602542716,5c631e31703df73c366c83f0bacc84edce2b7f6f,1307708,3846832,530008,1004128,30704,30704,746996,2812000
1,1602549862,08c4065a5e940d9ace0fff90d2818ed5788cb2ec,1309148,3846832,530008,1004128,30704,30704,748436,2812000
1,1602558942,57db7ba526f2d7d59c53ac187778f07c84e6759d,1316040,3846832,536524,1004128,30704,30704,748812,2812000
1,1602606739,d02153707ef8700b69cc9da79dae3abcbaedc67e,1316040,3846832,536524,1004128,30704,30704,748812,2812000
1,1603062631,9e5cbcdd57d8bbcf817fe8fd065ff28ad47b48d5,1316040,3846832,536524,1004128,30704,30704,748812,2812000
1,1603709320,b4096eee34e5cacc5411f6b8a2a6a6f59c2d4ffc,1316040,3846832,536524,1004128,30704,30704,748812,2812000
1,1603713536,695552f0b8c9ca98a32db6deec17ae3b4842db6f,1321076,3846832,541560,1004128,30704,30704,748812,2812000
1,1603719238,93fc51e9b611f8fd9346ac550cea5c342ff82f23,1327252,3846832,541560,1004128,30704,30704,754988,2812000
1,1603731337,eea81d97d882012f0a3ed9c130cc5420ed91231f,1329940,3846832,541560,1004128,30704,30704,757676,2812000
1,1603758214,ce3542f60c3bc402a1e2e4ffdd9e524263bbee6d,1331476,3846832,541560,1004128,30704,30704,759212,2812000
1,1603759663,daf624fe488ab478ca9c4e58c3b108bb61417673,1331476,3846832,541560,1004128,30704,30704,759212,2812000
1,1603776541,3ba022128c834b6c3cda8740738938367024853e,1334484,3846832,541560,1004128,30704,30704,762220,2812000
1,1603905610,af326f5b786ddf6265d9760029968a1775aba1c6,1360772,3846832,541560,1004128,30704,30704,788508,2812000
1,1603915158,92bb1fb21006189ced43ab28753a12adc9aa21fc,1361240,3846832,542028,1004128,30704,30704,788508,2812000
1,1604007069,3c5fe66dcd45cd5cb100c02196021d8d13341991,1361240,3846832,542028,1004128,30704,30704,788508,2812000
1,1605488999,c902175d5aa6a7a66a29ec13128cf68b4992f50f,1366360,3846832,542028,1004128,30704,30704,793628,2812000
1,1605498100,888db95a4c7636b319aef93783a85c2ee0fb01ad,1366360,3846832,542028,1004128,30704,30704,793628,2812000
1,1605511132,3d21a38f0897c2376ffcc90a8c3203e2dce1c0e7,1366360,3846832,542028,1004128,30704,30704,793628,2812000
1,1605515468,93389da2dc6541cb467a0e1c04c4181e2ac27cf0,1366360,3846832,542028,1004128,30704,30704,793628,2812000
1,1605791535,0b9b2edf1b03f3929bff24bb38f76f8187b12516,1373256,3846832,542028,1004128,30704,30704,800524,2812000
1,1605814052,930cee306181de187c0c7df6857a92606c5f2bb6,1376632,3846832,542028,1004128,30704,30704,803900,2812000
1,1605822548,cf24a76fe4b5c0ae2eaf716bbd08185ce345560b,1379424,3846832,542240,1004128,30704,30704,806480,2812000
1,1605986294,84a0acc9cfda6f6e7671bc14c7708cca60248fde,1382720,3846832,542240,1004128,30704,30704,809776,2812000
1,1605992600,0453c7d3cfe47eb65b68ac4c36cd174ff857add5,1385904,3846832,542240,1004128,30704,30704,812960,2812000
1,1606043135,aac882a3076a69d26d4f1fcdb9283408220481ef,1389552,3846832,542240,1004128,30704,30704,816608,2812000
1,1606135997,9312c21c2f0898ca31294a1c7607f77d63d4b9dc,1391296,3846832,542240,1004128,30704,30704,818352,2812000
1,1606139601,385c419aa2e04d0a78b461e0b21f9a6e4e252bc7,1407728,3846832,542240,1004128,30704,30704,834784,2812000
1,1606174377,9a9025f01c5686b439fa11b2b796ec14d36c8fba,1409520,3846832,542240,1004128,30704,30704,836576,2812000
1,1606179013,89f89ac5eaf5b41b6968fab6d37ef78fb9d50ea6,1418128,3846832,542240,1004128,30704,30704,845184,2812000
1,1606185272,3aa76152c56ab56af9e253fcef86115ccbb628d2,1421564,3846832,544340,1004128,30704,30704,846520,2812000
1,1606188233,013e2d90d31607edda90c0ec71b74e0a427fc690,1423788,3846832,544340,1004128,30704,30704,848744,2812000
1,1606207088,831804ad645c09a878063b75364fe4426cd9b8db,1426060,3846832,544340,1004128,30704,30704,851016,2812000
1,1606332002,eba7b2c4d6a7f73181ea2e2127cffb1d3a0b2200,1431596,3846832,544340,1004128,30704,30704,856552,2812000
1,1606340522,9182da3c92a3046eccc24da8cc647ae346af7ce2,1434180,3846832,546924,1004128,30704,30704,856552,2812000
1,1606608973,734ad1a0bcc20c332aa3088e0ca273006fa8b147,1434180,3846832,546924,1004128,30704,30704,856552,2812000
1,1606644330,5d03824f93f8fe85d806110804c38589e7f3f820,1438564,3846832,546924,1004128,30704,30704,860936,2812000
1,1606849142,4b04e6cb66c035d2a591c45ebacc2ba31feff601,1444516,3846832,546924,1004128,30704,30704,866888,2812000
1,1606851064,140a554f8e38cf9f9dddd658568e79d74d1c84cf,1445192,3846832,547600,1004128,30704,30704,866888,2812000
1,1606867658,330bd35d23961b30e6c46f2b2b489ecee39e6de2,1449400,3846832,547600,1004128,30704,30704,871096,2812000
1,1606873734,932174b6eef97a8d6439cae836ce561ecc888968,1475640,3846832,547600,1004128,30704,30704,897336,2812000
1,1606876191,1bb13b8c708b1352bc4ca34d605384d5e85f3334,1478072,3846832,547600,1004128,30704,30704,899768,2812000
1,1606876599,09fe32e198569a68140c8c7a6483278c1ea55bcd,1480692,3846832,547600,1004128,30704,30704,902388,2812000
1,1606877435,629d1c89682bcbd9280afdaf50afa61ea0c92fed,1480692,3846832,547600,1004128,30704,30704,902388,2812000
1,1606879196,4876610c75b228cf1abe4b4d0eafe9a3cc1b21fd,1480692,3846832,547600,1004128,30704,30704,902388,2812000
1,1606939074,620e3418c76172405ba234e4b680e3d133ebd852,1494340,3846832,547600,1004128,30704,30704,916036,2812000
1,1606939101,fd97e8433ef21992b948355cbbc2c7e23304e083,1502868,3846832,547600,1004128,30704,30704,924564,2812000
1,1606939137,bf9a1aadd9f64f01fb8d2e05c572ed2541474805,1509108,3846832,547600,1004128,30704,30704,930804,2812000
1,1606939185,a7b63232280b9820371b6cb135a9921e7c81b302,1517780,3846832,547600,1004128,30704,30704,939476,2812000
1,1606939224,a9dc74770909068ef23a6a6ad5158cd426794d4e,1520932,3846832,547600,1004128,30704,30704,942628,2812000
1,1607020081,570c69490adbad89cf1378545e5141accd9295dc,1520932,3846832,547600,1004128,30704,30704,942628,2812000
1,1607021845,7b10ecad4ce051dff3fca70e29dd72f1897dfef5,1523508,3846832,547600,1004128,30704,30704,945204,2812000
1,1607025568,3cfafb2574c6279109748795ebff959d330f3674,1530148,3846832,547600,1004128,30704,30704,951844,2812000
1,1607029532,cbb0c6da06657a0caebf3e317c1fed9ad7d43f25,1535908,3846832,547600,1004128,30704,30704,957604,2812000
1,1607032282,579b87dceb94410c8d115fc75789c106cf08d5ca,1538476,3846832,547600,1004128,30704,30704,960172,2812000
1,1607032346,80c803b9ec8855fa2571f657cabe2b6eb91e7756,1541340,3846832,547600,1004128,30704,30704,963036,2812000
1,1607032501,26c38834ec640589dc3f8005208c16c3b0b72613,1549068,3846832,547600,1004128,30704,30704,970764,2812000
1,1607032685,b8ecf7cae4f023ad8973f7ae35575633ef0238f9,1553740,3846832,547600,1004128,30704,30704,975436,2812000
1,1607041536,e455a2487642326a063963f3cdc35f6f0e7606f0,1567412,3846832,547600,1004128,30704,30704,989108,2812000
1,1607107670,4beeedd116626d31d1ebb7f27940498b0f4f7131,1569668,3846832,547600,1004128,30704,30704,991364,2812000
1,1607110528,e983d2b72b2ed4885d8f4b3c354469af06cb4665,1588164,3846832,547600,1004128,30704,30704,1009860,2812000
1,1607128467,f85a2d10ee92861c91243dab8366ad4e81fa5979,1642072,3846832,547600,1004128,30704,30704,1063768,2812000
1,1607200119,994bf19a978167c5703eb9f80bbab3261338791f,1646728,3846832,547600,1004128,30704,30704,1068424,2812000
1,1607203188,2ca9c788383392ca25727ee5de40e84c7578dfeb,1665104,3846832,547600,1004128,30704,30704,1086800,2812000
1,1607220175,736ebc7cca5f9078e602007f84761921a034b890,1677040,3846832,547600,1004128,30704,30704,1098736,2812000
1,1607238479,6b6c30cded5e5087754dc448694f6e95c7f5a152,1684880,3846832,547600,1004128,30704,30704,1106576,2812000
1,1607240296,9d636263431b89f854e999277a071d6ba66dff42,1687424,3846832,547600,1004128,30704,30704,1109120,2812000
1,1607274416,756f6dc3930783bea00ebcee2555b8bcdbeeef9d,1691304,3846832,547600,1004128,30704,30704,1113000,2812000
1,1607277977,b097c58cafd8e2644a0589144c061b0afa6ab573,1700888,3846832,547600,1004128,30704,30704,1122584,2812000
1,1607280531,dadee87f9423fd7b06ec088bf4bde5f768598d3c,1711720,3846832,547600,1004128,30704,30704,1133416,2812000
1,1607294387,321388673b4a3e763d23dec16e08e9c513869de4,1794400,3846832,630280,1004128,30704,30704,1133416,2812000
1,1607299262,eff219f79bd9e27ef0421e6459b52e837aa00595,1794400,3846832,630280,1004128,30704,30704,1133416,2812000
1,1607363309,353684c63863266ef1f3f680312ef424b75c0a70,1817088,3846832,630280,1004128,30704,30704,1156104,2812000
1,1607463581,96512ee3abd93538433f2c21ac89e64c95e491cf,1830288,3846832,630280,1004128,30704,30704,1169304,2812000
1,1607560772,0c2b92125f9125dff02b78badc968d0b171014ea,1830288,3846832,630280,1004128,30704,30704,1169304,2812000
1,1607630417,d4e16bbacf2d729525618802686dc24572eeb10b,1849516,3846832,630280,1004128,30704,30704,1188532,2812000
1,1607702286,51b204f8e1012c4a773c0d98c4536b5125b1a695,1851788,3846832,632552,1004128,30704,30704,1188532,2812000
1,1607705741,bc8e3745c70784e0c425fbbf9a10a11720fce1de,1851788,3846832,632552,1004128,30704,30704,1188532,2812000
1,1607726303,f05a584dea4f1683e1bf163b37e9a40cd72422b6,1864300,3846832,632552,1004128,30704,30704,1201044,2812000
1,1607753666,3062045acdd81a885a616739a9956222302a9248,1865300,3846832,632552,1004128,30704,30704,1202044,2812000
1,1607800953,92e9f2d37073f90a5a92036603bbd5b696941c3b,1865300,3846832,632552,1004128,30704,30704,1202044,2812000
1,1608074855,5632df406b141f09805fe7d49d99efd475dfe70d,1865300,3846832,632552,1004128,30704,30704,1202044,2812000
1,1608174642,6e78efd0c5119d4793c4a30941e9e09b71c7e7c0,1865300,3846832,632552,1004128,30704,30704,1202044,2812000
1,1608245381,0376242365c15345f7ab33edfab7408877164a92,1865300,3846832,632552,1004128,30704,30704,1202044,2812000
1,1608250342,83e53bbaf255c9936414f6b249dcec46cef8471b,1872212,3846832,638304,1004128,30704,30704,1203204,2812000
1,1608347378,2373c779d12671e21cfc0a457a1e73f4e33acc5e,1877360,3846832,642968,1004128,30704,30704,1203688,2812000
1,1608353212,3369d0657ded129671b11545faaf3a7b8a1950c1,1879040,3846832,642968,1004128,30704,30704,1205368,2812000
1,1608371975,eadf85f17c1b926cff145327bd36ee9ce5555a57,1881440,3846832,642968,1004128,30704,30704,1207768,2812000
1,1608394594,3237f176cd7dcbc97370c21a62de543c9fc03ffb,1881440,3846832,642968,1004128,30704,30704,1207768,2812000
1,1608449888,b0200efbeb192e975ad1f97072d7c4dc63686370,1890192,3846832,642968,1004128,30704,30704,1216520,2812000
1,1608484869,5ab8a39cd02550424dff4519846a9c24987eabfe,1892236,3846832,642968,1004128,30704,30704,1218564,2812000
1,1608487411,2d35a25212409bd7242e2afa7c2121c49f0cd555,1893868,3846832,642968,1004128,30704,30704,1220196,2812000
1,1608487813,5c8e745645d4d17810e51dd6bdcb473d6c16183c,1893868,3846832,642968,1004128,30704,30704,1220196,2812000
1,1608489546,06ceb6ad40d334517212d43587c0e3ece1cc2fe5,1895820,3846832,642968,1004128,30704,30704,1222148,2812000
1,1608571737,df704a9f80fbf2de95ba4a662785b123ca50507e,1901452,3846832,642968,1004128,30704,30704,1227780,2812000
1,1608596065,bde4a411b3ea03a1055da8c41ce2d7b2f8f172c1,1901452,3846832,642968,1004128,30704,30704,1227780,2812000
1,1608656428,4f2259e24ef163e6bf87e0355458dd95f1a54481,1901452,3846832,642968,1004128,30704,30704,1227780,2812000
1,1608670796,e4b84365ff32d02df35c932d28ebf44aa56f666d,1904192,3846832,645708,1004128,30704,30704,1227780,2812000
1,1608698262,09ddf4f71e8d717f998fa2d0ce8faa720ee302fc,1907168,3846832,645708,1004128,30704,30704,1230756,2812000
1,1608931192,a8ae9f48b7c07e0188fdb720ee153d07f2fd679e,1910004,3846832,648544,1004128,30704,30704,1230756,2812000
1,1608932337,60b1f5dd419e50ddfbe507eacf71c66c513c6984,1910004,3846832,648544,1004128,30704,30704,1230756,2812000
1,1608942256,81c269b417ad31954b4d7efdd114e02201c02334,1911716,3846832,648544,1004128,30704,30704,1232468,2812000
1,1608979493,8fa6cb6ff927496403f950fc86146d6aabe9773f,1911716,3846832,648544,1004128,30704,30704,1232468,2812000
1,1608982792,b95643b3978cce2d1557606d111d925e9d3aade9,1911716,3846832,648544,1004128,30704,30704,1232468,2812000
1,1609085618,3727cc38b8c6567d843845041ba0113fb195d931,1914216,3846832,651044,1004128,30704,30704,1232468,2812000
1,1609109997,dadf69a67ea4ea6fd0f3341a006d2fa8084e8355,1914216,3846832,651044,1004128,30704,30704,1232468,2812000
1,1609119903,fef06970637de9b76184d200ff01d5581282c2f5,1922508,3846832,651044,1004128,30704,30704,1240760,2812000
1,1609158151,86898891da8431d226b1991cdb3dafaf2c9c6f72,1922912,3846832,651044,1004128,30704,30704,1241164,2812000
1,1609193988,ed17c81a33a2c1b1c58a9878ac840b36efa39ec0,1922912,3846832,651044,1004128,30704,30704,1241164,2812000
1,1609198672,1e6bd7f623dead2c5bcbdb5c89a0c9e65c7a86e4,1922912,3846832,651044,1004128,30704,30704,1241164,2812000
1,1609206984,42f2d38b8fb8e97330bc12e06d71bd35ea2c33e2,1924556,3846832,651044,1004128,30704,30704,1242808,2812000
1,1609219823,b50e079e1b467c89e73c7e1165099e91d3963ab6,1926604,3846832,653092,1004128,30704,30704,1242808,2812000
1,1609231856,21e367a7cb70b166c68891778a6e8ad3aba44daa,1928636,3846832,653092,1004128,30704,30704,1244840,2812000
1,1609265471,695bc37be4276561da1ce86f24cbbb3e5d8f091c,1935036,3846832,653092,1004128,30704,30704,1251240,2812000
1,1609266752,9fcf8a4430bba543563dc21a8181576595d2416b,1946636,3846832,653092,1004128,30704,30704,1262840,2812000
1,1609266901,94d51ce86f7a565eb98cee1827d01423d64030aa,1951276,3846832,653092,1004128,30704,30704,1267480,2812000
1,1609275980,e4d88bf94287c3661d7ae5195e063f6bef13dfc6,1965516,3846832,653092,1004128,30704,30704,1281720,2812000
1,1609282006,2dfa188706524e77ca60984663e17f060bc03529,1965516,3846832,653092,1004128,30704,30704,1281720,2812000
1,1609284530,22758f06d7c8230d9e96c650b2ca3130da0b38bf,1974940,3846832,653092,1004128,30704,30704,1291144,2812000
1,1609288770,c71b8183ae637706ca3d7bbb707d82fc3ea878aa,1978748,3846832,653092,1004128,30704,30704,1294952,2812000
1,1609290818,8f3dc3db94bf684128f7006e61df7e12c2ec997a,1982284,3846832,653092,1004128,30704,30704,1298488,2812000
1,1609290844,dd38520a9e2f00583112db4c5f0562410cd03a4f,1984212,3846832,653092,1004128,30704,30704,1300416,2812000
1,1609299901,1facd83c3866041b4b66f583773455bc87fb62b9,1984528,3846832,653408,1004128,30704,30704,1300416,2812000
1,1609300137,257fc541958fd6e3e58e11a6e2ee653e7e6cc300,1987904,3846832,653408,1004128,30704,30704,1303792,2812000
1,1609346177,5a2bd7a035bfe718eaa34a1fcca76a87daae8644,1989776,3846832,653408,1004128,30704,30704,1305664,2812000
1,1609444830,600bad1f20e259b70708944b045d3f4407b673bf,2000832,3846832,653408,1004128,30704,30704,1316720,2812000
1,1609462562,7daadc5ea123485ebfa9c6ea461c5c6cc566df87,2004736,3846832,653408,1004128,30704,30704,1320624,2812000
1,1609549017,ae5a8f270044e155886a0ecaf0cc93a5bff4eaa5,2009360,3846832,653408,1004128,30704,30704,1325248,2812000
1,1609561469,ba0c6965caf89e1e3d55aeb459fed11be881df23,2009360,3846832,653408,1004128,30704,30704,1325248,2812000
1,1609705741,2b346a1f6a6e68dfdd613c9e3efdccf7427164dc,2009360,3846832,653408,1004128,30704,30704,1325248,2812000
1,1609712984,794538f6f7abdaecb4612d242e86c352aecf590c,2009360,3846832,653408,1004128,30704,30704,1325248,2812000
1,1609780011,8cd367c43bb63076d1c8a431ef91c08ea6166ae2,2009360,3846832,653408,1004128,30704,30704,1325248,2812000
1,1609789956,510b3c4bd5f24b9a6a3d3e49452e012e830793e9,2019712,3846832,653408,1004128,30704,30704,1335600,2812000
1,1609876638,2a13d71848c8882281ecdcc6e9b49916ff56042c,2019712,3846832,653408,1004128,30704,30704,1335600,2812000
1,1610046615,209f0d21b87fa01c033a943fd8c862cb46b31315,2022384,3846832,653408,1004128,30704,30704,1338272,2812000
1,1610104378,3cef03f5ff9c0341544afec9636bd0581f87d0cc,2061516,3846832,692540,1004128,30704,30704,1338272,2812000
1,1610145725,5c6335f9fbb77f4ae18a3c6e877efdde1c17e364,2061516,3846832,692540,1004128,30704,30704,1338272,2812000
1,1610152708,1ff2f0f84941d87ba4d04f8d99a143d9707bfc53,2061516,3846832,692540,1004128,30704,30704,1338272,2812000
1,1610162083,7a171488d2a63cdd3e7f1db08096c0101549e5d5,2066208,3846832,697232,1004128,30704,30704,1338272,2812000
1,1610230037,115c152b031483484262f714c024ff29eb7a309e,2066208,3846832,697232,1004128,30704,30704,1338272,2812000
1,1610269476,bda5b83346773bdf2111c890f58feb37dee75b28,2066208,3846832,697232,1004128,30704,30704,1338272,2812000
1,1610314438,a0e2ce7211ebc312db6fb470b7481e644d583f32,2066208,3846832,697232,1004128,30704,30704,1338272,2812000
1,1610499776,a169932c75918ee1c51b56bdfb5e29df6cf84a69,2068432,3846832,699456,1004128,30704,30704,1338272,2812000
1,1610507336,6e278847c9fad9135dfcd11e382e645dd2de0509,2069424,3846832,700448,1004128,30704,30704,1338272,2812000
1,1610510397,a22b6a22e8ac0ed8d36eec998a4de1fa00185f8f,2069424,3846832,700448,1004128,30704,30704,1338272,2812000
1,1610513963,d8f146519c67a24262e760396d030acdaa931dce,2070524,3846832,701548,1004128,30704,30704,1338272,2812000
1,1610647097,3e5f6b3485b2a1020c2ff9dd2e72068319794d78,2074476,3846832,701548,1004128,30704,30704,1342224,2812000
1,1610648568,3b4a1c23d609c6a67437047fe5dda1bfd86efb57,2075980,3846832,701548,1004128,30704,30704,1343728,2812000
1,1610652516,65e956a272a63d193fcefa916d95d5fe791ec072,2078252,3846832,701548,1004128,30704,30704,1346000,2812000
1,1610655273,9c2ad0c60bc565cfc9f7d675c76b1984ba66e738,2078252,3846832,701548,1004128,30704,30704,1346000,2812000
1,1610655295,fcc4a8190d78640d917831d21e017fbb8668fa5d,2083004,3846832,701548,1004128,30704,30704,1350752,2812000
1,1610655423,2810aa2b9c4298b45bcc7ac9c8a8faa58d5f5efb,2095116,3846832,701548,1004128,30704,30704,1362864,2812000
1,1610655568,11a021a9a590729fbf1b29689b7efee123efce56,2100028,3846832,701548,1004128,30704,30704,1367776,2812000
1,1610744401,ed4d8af39e4b0cbdffad394c64cab95a8a055235,2103516,3846832,701548,1004128,30704,30704,1371264,2812000
1,1610747444,447c6514b9b9eb309497e2bae433ca6722792f59,2103516,3846832,701548,1004128,30704,30704,1371264,2812000
1,1610749095,9be264da9d03a52b5115011ed5d4c0331ac69450,2103516,3846832,701548,1004128,30704,30704,1371264,2812000
1,1610818417,f786f958bbd9afe40f5de49249b48402a2787248,2114296,3846832,701548,1004128,30704,30704,1382044,2812000
1,1610936016,02994f5339e6d35d3e82e1cf771bb94eb3fb2f8d,2114296,3846832,701548,1004128,30704,30704,1382044,2812000
1,1610937107,20206fba0d1c404c7493c470a0526a5e50cc1576,2116584,3846832,703836,1004128,30704,30704,1382044,2812000
1,1611003844,00a5edea71a605e7bdad78892b2863000e53624e,2116584,3846832,703836,1004128,30704,30704,1382044,2812000
1,1611005801,04ea6b1395bd59824945a9ed570b3f09239d9fe7,2116584,3846832,703836,1004128,30704,30704,1382044,2812000
1,1611013975,15cf179fc226154ff80ae1385b0372b662aba7b4,2119148,3846832,703836,1004128,30704,30704,1384608,2812000
1,1611015304,cb9d85de344e906b85f12304e09116d19da4d513,2119148,3846832,703836,1004128,30704,30704,1384608,2812000
1,1611084477,7c6b953f3853b93780b9f9b469a4e2a2b64e7d02,2119148,3846832,703836,1004128,30704,30704,1384608,2812000
1,1611166517,3daeaf2446c0c303fd3bab4498c8e4318e22e9f7,2119148,3846832,703836,1004128,30704,30704,1384608,2812000
1,1611167284,d2563b3b917e017d53756036e245812c6f108e10,2129628,3846832,703836,1004128,30704,30704,1395088,2812000
1,1611171985,be84e1f0f8dfef2c2040eb1ebeb2e03b9bf47982,2129628,3846832,703836,1004128,30704,30704,1395088,2812000
1,1611208058,0e76c84c450ec646c0962133d03588a275f48515,2132964,3846832,703836,1004128,30704,30704,1398424,2812000
1,1611236901,70a3acf1114b0206608e358780545ec7bbef4f4e,2134272,3846832,703836,1004128,30704,30704,1399732,2812000
1,1611240911,3f669bea1e23a4d781f0419846543ab442aab88b,2137508,3846832,703836,1004128,30704,30704,1402968,2812000
1,1611242465,d73976503126d10a82016f8f72fac4092dff1932,2141652,3846832,703836,1004128,30704,30704,1407112,2812000
1,1611350708,588de66d0686013e125bd75e9a384c475068fde9,2141652,3846832,703836,1004128,30704,30704,1407112,2812000
1,1611363338,84195fcef613a9f9e9b2518294c6084097f279d7,2146148,3846832,703836,1004128,30704,30704,1411608,2812000
1,1611535000,20c1f4e6480b2e85a8149b04507b6b212bda8afc,2146148,3846832,703836,1004128,30704,30704,1411608,2812000
1,1612030663,6f6270100bdccd38448d51efe382da0a0f32f282,2149940,3846832,703836,1004128,30704,30704,1415400,2812000
1,1612031377,3db87244b4b5b10e6b3af608b76b53eca5ddd2f2,2154468,3846832,703836,1004128,30704,30704,1419928,2812000
1,1612034178,9607ce34fde761f17795d626a682cfe803f29524,2154468,3846832,703836,1004128,30704,30704,1419928,2812000
1,1612069678,c2b5ae3ed245d7f9015318b184b912ee441ac5e5,2159676,3846832,703836,1004128,30704,30704,1425136,2812000
1,1612115254,9f3e8cbf97c73750aa657c79dce4b8de899bc746,2167276,3846832,703836,1004128,30704,30704,1432736,2812000
1,1612116148,8e8421fdecaf56f7a777ac4bc996babdebced564,2202364,3846832,703836,1004128,30704,30704,1467824,2812000
1,1612117670,6fd644dff5b1aafbeb573ca5798046c1780bb5b1,2203068,3847536,703836,1004128,31408,31408,1467824,2812000
1,1612119676,31b0ea2db876fe450984487dcb47db2161d570f5,2208668,3847536,703836,1004128,31408,31408,1473424,2812000
1,1612121758,3e322f5d35a1012b483ffa6f438347ea2a82b4bb,2216060,3847536,703836,1004128,31408,31408,1480816,2812000
1,1612123190,dde70e3c663f581b342897eaae8ed11447010a6f,2222924,3847536,703836,1004128,31408,31408,1487680,2812000
1,1612123744,9b9122942221ab1da7249d802f5a194731e3c231,2227036,3847536,703836,1004128,31408,31408,1491792,2812000
1,1612124794,a25ae3a584afcfb74a9fe929b8d11a438c8f84ce,2230364,3847536,703836,1004128,31408,31408,1495120,2812000
1,1612125175,45a21b0ac7b84ffeccd24055f9b78ba4da0ae910,2236348,3847536,703836,1004128,31408,31408,1501104,2812000
1,1612125228,8137c016a2da0805a6c912b2a62794b53be6d045,2241420,3847536,703836,1004128,31408,31408,1506176,2812000
1,1612134887,da993894d3eefd55f81a0519d3fa906c85f42851,2245884,3847536,703836,1004128,31408,31408,1510640,2812000
1,1612135939,5da526317665e60bfac95a5adc8e6d68b36efb17,2249964,3847536,703836,1004128,31408,31408,1514720,2812000
1,1612136303,badb1d9d5e587564e32270237147acceab46f918,2260860,3847536,703836,1004128,31408,31408,1525616,2812000
1,1612136381,1fbc0f1943ae6083d38ea53208c5fa988cedd72f,2263756,3847536,703836,1004128,31408,31408,1528512,2812000
1,1612209143,6615d212eb9df664632a3953c9680a08be814d04,2268044,3847536,703836,1004128,31408,31408,1532800,2812000
1,1612209393,43f47f956140c6461f2881ae2271f33f077a9632,2273420,3847536,703836,1004128,31408,31408,1538176,2812000
1,1612210344,45deae6357bc7c0a108ef9af03168946da740e41,2279340,3847536,703836,1004128,31408,31408,1544096,2812000
1,1612210816,ea60ad60178dcce79bb2e16fbc57154d5f1674ac,2286988,3847536,703836,1004128,31408,31408,1551744,2812000
1,1612290634,d1a9775926efbc1564fa0a974ef8ad695ce25fa4,2286988,3847536,703836,1004128,31408,31408,1551744,2812000
1,1612297071,cce6880bc043086e41e34bc2abdf1790a06b9d66,2296036,3847536,703836,1004128,31408,31408,1560792,2812000
1,1612302063,7eaf57be59e7d8d3583214916edf3f2cd6c4a10b,2299188,3847536,703836,1004128,31408,31408,1563944,2812000
1,1612304909,ced724fb9b2c883a02f60019f0cd710512189fde,2302564,3847536,703836,1004128,31408,31408,1567320,2812000
1,1612309464,02b3640bded597ff695f1a66c549662e4de4c294,2302564,3847536,703836,1004128,31408,31408,1567320,2812000
1,1612312180,33ce2c977b9350ce936a700c9c4b9f7a5ec29c6b,2313844,3847536,703836,1004128,31408,31408,1578600,2812000
1,1612314723,6221723aadeddee4a2ae819bbfd513ce5be1bcc7,2319188,3847536,703836,1004128,31408,31408,1583944,2812000
1,1612315821,dff2dfef0f626b280abd03c670c2f7f557f87251,2324324,3847536,703836,1004128,31408,31408,1589080,2812000
1,1612381703,088e8c09bc61a1f14680b919c892e15f4d64518c,2324324,3847536,703836,1004128,31408,31408,1589080,2812000
1,1612740684,b0292250002d33ff7412cce89b237b8a33f8d480,2330436,3847536,703836,1004128,31408,31408,1595192,2812000
1,1612748582,ec31611c0ef39066ad2c03f1debd037b444af1ea,2337988,3847536,703836,1004128,31408,31408,1602744,2812000
1,1613045405,f95a5aec6820c5e564b65f41e2557b02b2dd59a3,2337988,3847536,703836,1004128,31408,31408,1602744,2812000
1,1613070504,a30b5bbb268aa6ee2f84a192d9ae492201258b23,2337988,3847536,703836,1004128,31408,31408,1602744,2812000
1,1613158894,5f552a369c87ed909057a771a562de772856da43,2340804,3847536,706652,1004128,31408,31408,1602744,2812000
1,1613167026,7ee8c8011c96ba5ab7a124c41a315859a03d3714,2340804,3847536,706652,1004128,31408,31408,1602744,2812000
1,1613168200,da55eaa2d8c05d8eaf2ad8d320189526268e7d59,2353012,3847536,706652,1004128,31408,31408,1614952,2812000
1,1613168568,ef272322eb42061e4ddddf809cf0f2f0b1db82ca,2358596,3847536,706652,1004128,31408,31408,1620536,2812000
1,1613168702,b8c2ec1f60ebb3b5c55588cdfe8f98000f5a8a20,2378132,3847536,706652,1004128,31408,31408,1640072,2812000
1,1613168802,bcf2694f937703c6429aee5ba8ed5959e8b4b444,2379028,3847536,707548,1004128,31408,31408,1640072,2812000
1,1613168945,43bba20796dd620552cc6dc6b317bbf3856d230a,2381428,3847536,707548,1004128,31408,31408,1642472,2812000
1,1613169021,d373661acd288b952dbb69824017307ac228501b,2381428,3847536,707548,1004128,31408,31408,1642472,2812000
1,1613169183,0b2a4e9d7fd5448c5f7939714f177cc0c2faafef,2385236,3847536,707548,1004128,31408,31408,1646280,2812000
1,1613169433,61dacd08820da0cb16edb65d12ebbc59cca6df9e,2390548,3847536,707548,1004128,31408,31408,1651592,2812000
1,1613172835,0a1c16d44014499f25eb106dc14336997874ec17,2390548,3847536,707548,1004128,31408,31408,1651592,2812000
1,1613172877,fb1909bb929482158defbe05c424770d0180ece5,2394340,3847536,707548,1004128,31408,31408,1655384,2812000
1,1613174662,6d01247f3400c42a06780f7ceae0a7b4a730539c,2399060,3847536,707548,1004128,31408,31408,1660104,2812000
1,1613181119,4d306260338ec4ebef7c7a7e3e22311efdff9724,2401972,3847536,707548,1004128,31408,31408,1663016,2812000
1,1613181159,cf06b27b15dc85f4a743c105a7539f8679ae59fd,2414884,3847536,707548,1004128,31408,31408,1675928,2812000
1,1613234700,f214743494dc0f8c36ee67bfbb16a9ed3ea1d289,2415568,3847536,708232,1004128,31408,31408,1675928,2812000
1,1613256668,12348ca3dfe5586b4b6396721b9bf28ae2fb4c91,2418176,3847536,708232,1004128,31408,31408,1678536,2812000
1,1613259085,f9886c10976079faa121936f9154b74004988169,2421680,3847536,708232,1004128,31408,31408,1682040,2812000
1,1613261440,d615ec4f31563b939f8c0dce1c20c79e137c2043,2424720,3847536,708232,1004128,31408,31408,1685080,2812000
1,1613263780,f9d96d9f73ac090245a518ec04f3fa0e50655d1e,2424720,3847536,708232,1004128,31408,31408,1685080,2812000
1,1613325311,97cfe4979740b05a2c6d78735e81bfb4787f531b,2427648,3847536,708232,1004128,31408,31408,1688008,2812000
1,1613335042,5bc23f58f80cdce021008ec798c6ac3e5f4a6bf0,2430752,3847536,708232,1004128,31408,31408,1691112,2812000
1,1613410146,79c8accfaba2b7ca0bd0acdd8aa65d3805cb2ed8,2440792,3847536,718272,1004128,31408,31408,1691112,2812000
1,1613414515,982c645167262f98869f05ee6b422010d0d2b60d,2449048,3847536,718272,1004128,31408,31408,1699368,2812000
1,1613417621,ecedc4f059bf04a1e5f2daa24001de41c905f287,2450792,3847536,718272,1004128,31408,31408,1701112,2812000
1,1613424442,88b05cd9a27aa05aaa2503df7f1e86e06e3d864f,2455288,3847536,718272,1004128,31408,31408,1705608,2812000
1,1613429542,2c56a6e99a8c6eb7be07ead7b70ac65ce123b76c,2460880,3847536,718272,1004128,31408,31408,1711200,2812000
1,1613429999,56e94e1e3414e1c022d32c606b4a9592fdf4c635,2468320,3847536,718272,1004128,31408,31408,1718640,2812000
1,1613589276,ad751f02d2a5cc7e63c13ea136164b10e7a1b2b3,2469080,3847536,718272,1004128,31408,31408,1719400,2812000
1,1613590979,f57e0467d2b3f6a1b2f0cf7be7fe84a2d1eb0cf2,2469080,3847536,718272,1004128,31408,31408,1719400,2812000
1,1613606767,55ae8ad74185b8c6d57c26d09ea63635cc5f64cb,2469080,3847536,718272,1004128,31408,31408,1719400,2812000
1,1613871155,80225854651a43e322a939016c269c4895fd25ad,2472648,3847536,718272,1004128,31408,31408,1722968,2812000
1,1613917553,bbbf657b4b15ee2c7dbf76ef34df5170ff6fd475,2485576,3847536,718272,1004128,31408,31408,1735896,2812000
1,1613952624,579d7008fbcd7699ba0da5395454fb22e909dea5,2486440,3847536,718272,1004128,31408,31408,1736760,2812000
1,1614192103,3eec91504c0f59117fd5705e2d135d483279641a,2486440,3847536,718272,1004128,31408,31408,1736760,2812000
1,1614194884,d30ef91417f96d56be6521d0bfb93eb93d66cf97,2486440,3847536,718272,1004128,31408,31408,1736760,2812000
1,1614199345,e0bab1163eae3f88339040003247e77e192d5c71,2486440,3847536,718272,1004128,31408,31408,1736760,2812000
1,1614224240,c47372d3971b00b8eac43ade4fa4c49e2ca7874c,2486440,3847536,718272,1004128,31408,31408,1736760,2812000
1,1614524026,62606737f1c5a6dfe5819368cfa801b9ddb9437d,2499928,3847536,718272,1004128,31408,31408,1750248,2812000
1,1614525594,2b70c843079afd63f2f583e3c11bd98b96e78af7,2509864,3847536,718272,1004128,31408,31408,1760184,2812000
1,1614527005,80d0b2785d9dc4f989cb861f4c1960524bcddcb6,2513784,3847536,718272,1004128,31408,31408,1764104,2812000
1,1615420942,7c5ae8cc035da0a149460cd59047fa410137e1a9,2516248,3847536,718272,1004128,31408,31408,1766568,2812000
1,1615495620,8e0fa07a7e03730951ba98a377cf7738e8f26295,2518424,3847536,718272,1004128,31408,31408,1768744,2812000
1,1615732781,ca5a9aa7d1671147908c2c6d2b8846ff3567be5d,2527160,3847536,718272,1004128,31408,31408,1777480,2812000
1,1615735275,8a730123b6c6a309619dcb524c427a821fb483c3,2532088,3847536,718272,1004128,31408,31408,1782408,2812000
1,1615736425,42af56b23139dd9574cb0c04849fb2b356aab0cd,2532088,3847536,718272,1004128,31408,31408,1782408,2812000
1,1615738066,867b5a87ba51b5fd533f1f51816a1bfdb6ba73ca,2532088,3847536,718272,1004128,31408,31408,1782408,2812000
1,1616007134,7f55e088e51ab9315c2092031820432ad1da7308,2532368,3847536,718272,1004128,31408,31408,1782688,2812000
1,1616012526,7b68e8b771f9bc906ae0589cccf185d69bc435fc,2532368,3847536,718272,1004128,31408,31408,1782688,2812000
1,1616015216,d3311f9a2906b3551a814161a771396b6dd7b139,2532368,3847536,718272,1004128,31408,31408,1782688,2812000
1,1616017985,6b9a44e5a0c14a84e35c87d2e3c596c640ce2c0a,2532368,3847536,718272,1004128,31408,31408,1782688,2812000
1,1616052239,e48e565ffeb7f03f7e17412335366b4e086983cd,2532368,3847536,718272,1004128,31408,31408,1782688,2812000
1,1616053602,77ec4d491610620338e592a0f853b7c59af7fba5,2532368,3847536,718272,1004128,31408,31408,1782688,2812000
1,1616256132,493bdbc3c690185898df5d821a48435a34b1d091,2532368,3847536,718272,1004128,31408,31408,1782688,2812000
1,1616267410,8f0549cd9a0c664c1bc26e6395ee5bb24244ebde,2535156,3847536,721060,1004128,31408,31408,1782688,2812000
1,1616462222,9b9a983860064ec4853d12a42644b78895a484a1,2535156,3847536,721060,1004128,31408,31408,1782688,2812000
1,1616543142,5562b2ef6f582c69e20b0d7c2a3f56bcc252a5d2,2535156,3847536,721060,1004128,31408,31408,1782688,2812000
1,1616544935,effd4256c983e04469d7904187ed41f25c845cfe,2535156,3847536,721060,1004128,31408,31408,1782688,2812000
1,1616546436,dab0d957fe9aa18de2f516814ed9d07ea261723c,2535156,3847536,721060,1004128,31408,31408,1782688,2812000
1,1616695027,8b57f36d32b9b5e5e53f77dfc6291a1fdfc32b67,2535156,3847536,721060,1004128,31408,31408,1782688,2812000
1,1616874626,cf78de2b1106c5fb720550f29d81d5ceeaff44f5,2536900,3847536,721060,1004128,31408,31408,1784432,2812000
1,1616875310,d141e39e7747c865a0a27427332ed1d1e87364e5,2538840,3847536,723000,1004128,31408,31408,1784432,2812000
1,1616876078,b8637848931a2e88cc5dfc73e70823e255ab1d09,2540808,3847536,723000,1004128,31408,31408,1786400,2812000
1,1616876819,97f80eeb3f79bafac383fa6dd17765ae291e05d7,2540808,3847536,723000,1004128,31408,31408,1786400,2812000
1,1616898268,43b45b91c9f76e605f30ce7e10f822a7594dcea3,2540808,3847536,723000,1004128,31408,31408,1786400,2812000
1,1616899645,833dc2928dbf20b61348c434e0d978a7dd11f6bf,2542852,3847536,723000,1004128,31408,31408,1788444,2812000
1,1616900565,3aad8f724481ca71fc59f82404837866310d8b9f,2542852,3847536,723000,1004128,31408,31408,1788444,2812000
1,1616903051,b338f12498c9841921b875a20bd336045ecdf0ae,2542852,3847536,723000,1004128,31408,31408,1788444,2812000
1,1616903834,71bbaab48551e9368d7ed1c57df193db8f18136e,2542852,3847536,723000,1004128,31408,31408,1788444,2812000
1,1616971238,941f79215c25b8333058820560052789652ce84a,2552356,3847536,723000,1004128,31408,31408,1797948,2812000
1,1616972008,11e5be77d5708cd262db8557b14c974a95b3809e,2556340,3847536,723000,1004128,31408,31408,1801932,2812000
1,1616973521,7f3be6e37f099e2bcd726aaa136fd543c60c0223,2561284,3847536,723000,1004128,31408,31408,1806876,2812000
1,1616974516,187d2d1500b82658b97b23650dcc91434e33ae17,2561284,3847536,723000,1004128,31408,31408,1806876,2812000
1,1616975446,1639417327f7d6b47abad29946706a54bc005af0,2562620,3847536,724336,1004128,31408,31408,1806876,2812000
1,1616976129,ed4021a6fe8f3418ba97d607d81f4cd16c75781d,2564988,3847536,724336,1004128,31408,31408,1809244,2812000
1,1617038048,f4499a8de21c9c94e869d812e059dfd7b4cfaddd,2574812,3847536,724336,1004128,31408,31408,1819068,2812000
1,1617038648,86f16cf662db0e4b8ba9973a6b055ab9cd395670,2574812,3847536,724336,1004128,31408,31408,1819068,2812000
1,1617046546,28cfd82a4f692cdeb1e66c2df980da07e6b41e2d,2606324,3847536,724336,1004128,31408,31408,1850580,2812000
1,1617207511,9b4482314a1dbbaf8ac354f587db45ee8697d431,2622796,3847536,740808,1004128,31408,31408,1850580,2812000
1,1617401249,fa5e785760254860c0a10195d1e0cb566314a27a,2622796,3847536,740808,1004128,31408,31408,1850580,2812000
1,1617406226,c94e595dc1dad2d7a152b5b8492cd34bfb7e7f7e,2622796,3847536,740808,1004128,31408,31408,1850580,2812000
1,1617466516,9834f5517e5a3c4e560c20f35eb078ba1895e773,2628972,3847536,740808,1004128,31408,31408,1856756,2812000
1,1617483513,288320317cb59508bc399fa7c592387c0b4cc982,2650524,3847536,740808,1004128,31408,31408,1878308,2812000
1,1617489143,8b87e53b768ca4c08b5853ff3b3e6ed0b2a91976,2655116,3847536,740808,1004128,31408,31408,1882900,2812000
1,1617572892,208167361b39abc335aac248fcbc8e5941d070c0,2655116,3847536,740808,1004128,31408,31408,1882900,2812000
1,1617573296,1398898b703909f0f8d87e508a632e500d4af612,2655116,3847536,740808,1004128,31408,31408,1882900,2812000
1,1617644266,03b81c71c2fb4137c1e8fd1ba87a6ce4f3c54a0f,2655116,3847536,740808,1004128,31408,31408,1882900,2812000
1,1617653703,b72ba754a262b76e5d1521d2eec60aa73e3c3300,2656204,3847536,740808,1004128,31408,31408,1883988,2812000
1,1617664125,d47528ee591c0093dd704fa82f5bfe15d9435158,2699404,3847536,740808,1004128,31408,31408,1927188,2812000
1,1617669604,7d3692a266d437271df5a46c26d1ef26ee999d75,2700248,3847536,741652,1004128,31408,31408,1927188,2812000
1,1617671273,7e8d74d6ca620c4156b49f04bbbeb924e889be89,2701352,3847536,742756,1004128,31408,31408,1927188,2812000
1,1617681412,2126685472c5930fbc77f30f09aa5b984870f739,2703536,3847536,744940,1004128,31408,31408,1927188,2812000
1,1617735390,03882c92140444cd34e4c28f3c2c575039070a31,2705468,3847536,746872,1004128,31408,31408,1927188,2812000
1,1617840812,792056699d8865b99e175cff91f78178a5f3fce0,2708840,3847536,750244,1004128,31408,31408,1927188,2812000
1,1617901914,99fbbd83904be6c30a07c8932332b3e35dc4e126,2708840,3847536,750244,1004128,31408,31408,1927188,2812000
1,1618009336,ab05eb97762b18e4db5569c3c8714359f187432b,2710556,3847536,750244,1004128,31408,31408,1928904,2812000
1,1618010370,ed78d18a256ae941d2e821b14e17fb558703775d,2713832,3847536,750244,1004128,31408,31408,1932180,2812000
1,1618069165,25dd8e54dc94e340dffb2776bca642a597abc026,2725984,3847536,750244,1004128,31408,31408,1944332,2812000
1,1618069690,3432a7d4b39fc1f5d31b9dfab192dc1de148ef00,2725984,3847536,750244,1004128,31408,31408,1944332,2812000
1,1618070845,c04806fc66a2cd792d9d4b22b3e2a92360b10103,2725984,3847536,750244,1004128,31408,31408,1944332,2812000
1,1618071903,8d2a2a8e46400686c394feaa5559e7f3f6c85a3e,2725984,3847536,750244,1004128,31408,31408,1944332,2812000
1,1618159102,d22b746128959837131406e9f984fd841206c3a0,2746932,3847536,750244,1004128,31408,31408,1965280,2812000
1,1618190620,7f94088a3b51076cff9b1cc8265429bf7b4df695,2790740,3847536,750244,1004128,31408,31408,2009088,2812000
1,1618191209,62df74991d96dbbd8dd65744b33fc9c947b96543,2792196,3847536,750244,1004128,31408,31408,2010544,2812000
1,1618222846,c952fd449049fd2306b95f1a0b4201b19faac705,2792196,3847536,750244,1004128,31408,31408,2010544,2812000
1,1618249558,e3c1b5288719f9635e0940fafb2b5d4413f18fe7,2802628,3847536,750244,1004128,31408,31408,2020976,2812000
1,1618335194,c3880c5c99acc5d1cf8910a896184eb79da66e31,2803548,3847536,750244,1004128,31408,31408,2021896,2812000
1,1618427647,1f6a74e636f484fac92d5707352dc3e10b981bab,2803548,3847536,750244,1004128,31408,31408,2021896,2812000
1,1618434720,9e956cbe3f7b53bc522d319df90b839cb7bcd72c,2803548,3847536,750244,1004128,31408,31408,2021896,2812000
1,1618440596,70978762b8add54779832b63ed3a4960b099f39c,2826940,3847536,750244,1004128,31408,31408,2045288,2812000
1,1618441803,3c18de2f8307a80ff4a9a5a9e3798c188112a8b1,2827752,3847536,751056,1004128,31408,31408,2045288,2812000
1,1618504198,c8db3083f131b2524d63ad15b8e48e2b06ab07a6,2828800,3847536,751056,1004128,31408,31408,2046336,2812000
1,1618505845,07d54bd6d324573c6187b3745fa9a98f057dabaa,2834748,3847536,751056,1004128,31408,31408,2052284,2812000
1,1618676503,7306d13897d682c7fd29bd17af9e102933afc599,2838156,3847536,751056,1004128,31408,31408,2055692,2812000
1,1618679566,7b2b88d552fad0f6603effd3c59a69b7a455e5de,2875396,3847536,751056,1004128,31408,31408,2092932,2812000
1,1618899914,098dc00f3179799ebc979c274ff999c40c4ba666,2875396,3847536,751056,1004128,31408,31408,2092932,2812000
1,1619027504,e73681ce743c934508e87619f01e1ce0ee01aab0,2877240,3847536,751056,1004128,31408,31408,2094776,2812000
1,1619029584,7cc67f70c16df306107a3738837d1ae99acf2ed8,2883924,3847536,751056,1004128,31408,31408,2101460,2812000
1,1619368766,e11e8b709da9108c40c7f964a07725527f677130,2883924,3847536,751056,1004128,31408,31408,2101460,2812000
1,1619375852,4e81e4a38897fbe27924c1287e51065cbaa2b3ab,2883924,3847536,751056,1004128,31408,31408,2101460,2812000
1,1619392362,b7849976cf90a79152f23ff897c3032ffcafa8de,2886644,3847536,751056,1004128,31408,31408,2104180,2812000
1,1619393803,1ac9479caeccca1b4f03436a0cd7c91ee58cd505,2888684,3847536,751056,1004128,31408,31408,2106220,2812000
1,1619573535,3fbdccbdbac4113ae04d77216b2a28b405e07734,2888684,3847536,751056,1004128,31408,31408,2106220,2812000
1,1619601023,0b8252cfe99651b3174ac8652ba133781e8e2105,2888684,3847536,751056,1004128,31408,31408,2106220,2812000
1,1619721586,98aef8988adbcb5960e8001e70141d0d1a9034bd,2888684,3847536,751056,1004128,31408,31408,2106220,2812000
1,1619757495,6e58354c71f73c28f6ccdbc94b3ea6246361f65c,2888684,3847536,751056,1004128,31408,31408,2106220,2812000
1,1619817802,0432011bd91f0c762ade5810e275fcb3e6371349,2888684,3847536,751056,1004128,31408,31408,2106220,2812000
1,1619826952,722017814d3152714f23d026e63cf4502d57a3fb,2888684,3847536,751056,1004128,31408,31408,2106220,2812000
1,1619828630,9dbebfa38f99d50d051d862e380e25c599c5430c,2888684,3847536,751056,1004128,31408,31408,2106220,2812000
1,1619829109,2ee1fd4668c04899bf9f4a6b474d503d012e1f94,2888684,3847536,751056,1004128,31408,31408,2106220,2812000
1,1619973665,ce44541d334b2b3161c780c5a4cbae16aa964787,2896252,3847536,751056,1004128,31408,31408,2113788,2812000
1,1619986887,4e9f40cb139ab66313fd24282fb9ef2060db5eed,2896252,3847536,751056,1004128,31408,31408,2113788,2812000
1,1619997316,a53e084cd236c36da5fca25c07da18ac83a7dbab,2978852,3847536,751396,1004128,31408,31408,2196048,2812000
1,1620063474,278e471074167602d65e3882168541fe93c88b37,2978852,3847536,751396,1004128,31408,31408,2196048,2812000
1,1620092949,7c77253eca304e7afd2002147bc27edb62293b36,2981040,3847536,753584,1004128,31408,31408,2196048,2812000
1,1620508581,58813216fc7397a0b7356c2236269c783cf83fce,2981040,3847536,753584,1004128,31408,31408,2196048,2812000
1,1620508581,58813216fc7397a0b7356c2236269c783cf83fce,2981040,3847536,753584,1004128,31408,31408,2196048,2812000
1,1620508581,58813216fc7397a0b7356c2236269c783cf83fce,2981040,3847536,753584,1004128,31408,31408,2196048,2812000
1,1620508581,58813216fc7397a0b7356c2236269c783cf83fce,2981040,3847536,753584,1004128,31408,31408,2196048,2812000
1,1621037460,8f9881ece25198a23f60356e7da95c6f8cba9a48,2981040,3847536,753584,1004128,31408,31408,2196048,2812000
1,1621038344,ee539e90bd6ec018081865b91c68149b6ab9b238,2991048,3847536,753584,1004128,31408,31408,2206056,2812000
1,1621102491,ea703138bb35748e5376583f6b16b149c2142149,2991048,3847536,753584,1004128,31408,31408,2206056,2812000
1,1621183000,4d5d1fd079401ed49920608041b60c443c0b006e,2991048,3847536,753584,1004128,31408,31408,2206056,2812000
1,1621273819,a597d71e54bdb6e587c639946f01abaf92c4916d,2991048,3847536,753584,1004128,31408,31408,2206056,2812000
1,1621277879,d9a4a2079da8a880b9480fcf7e9653ba08a395fb,2991048,3847536,753584,1004128,31408,31408,2206056,2812000
1,1621366826,c9ee9e43bd5d7f60e5128855e2ceb28f0003d8d8,2991048,3847536,753584,1004128,31408,31408,2206056,2812000
1,1621532974,009b8ff672c11d90530b494c5d3a8eb88de009b3,2991048,3847536,753584,1004128,31408,31408,2206056,2812000
1,1621551660,6a1c1eac88bd94706d243d589f69492b2b8c8872,2991048,3847536,753584,1004128,31408,31408,2206056,2812000
1,1621629191,54f13007caa0124fad90ec0f9866de1942fd6fcb,2991216,3847536,753584,1004128,31408,31408,2206224,2812000
1,1621720205,5c4fdb706b51350c6de10e0a20c2e01476c98e52,2991216,3847536,753584,1004128,31408,31408,2206224,2812000
1,1621728010,5062f785fc11d01d77e3a946de82b1c31163bc1a,2991216,3847536,753584,1004128,31408,31408,2206224,2812000
1,1621728303,a9df91be9957cb13331501b8f42930b371fb32bd,2991216,3847536,753584,1004128,31408,31408,2206224,2812000
1,1621729290,4f9c02aaec394ba3c1769edb954307bc7cf98f4e,2991216,3847536,753584,1004128,31408,31408,2206224,2812000
1,1621800174,aebf11b8bedab56273d53261e8c7e82a58f50d12,2991216,3847536,753584,1004128,31408,31408,2206224,2812000
1,1622054767,36fead60a061e0566d2cdf1c247c5c4cd5110826,2991216,3847536,753584,1004128,31408,31408,2206224,2812000
1,1622069961,201c9ec1cdbc3baffd7cc5520d4f6e1f47093b7e,2991216,3847536,753584,1004128,31408,31408,2206224,2812000
1,1622072448,45012658d33d7e32c153c77c18ecdc7c5ed092da,2991216,3847536,753584,1004128,31408,31408,2206224,2812000
1,1622081761,515163e6cddf6e6685ac275a8d2e97cecc37cb7f,2991216,3847536,753584,1004128,31408,31408,2206224,2812000
1,1622174627,7822d130f96cd335a9004ce2769cee12edca558d,2991216,3847536,753584,1004128,31408,31408,2206224,2812000
1,1622273448,9098b0fe22ca83f40abc15e8943c7bb84ea19117,2993808,3847536,756176,1004128,31408,31408,2206224,2812000
1,1622295699,2c4dac28840ed55cede3a7513ec24080d8c07793,2995256,3847536,757624,1004128,31408,31408,2206224,2812000
1,1622387399,515ebdce9daf801705fa9d4f03f01b3c26269488,2995256,3847536,757624,1004128,31408,31408,2206224,2812000
1,1622392238,f6470eaa0881b7f038ca1a7e30d6516fafaf2ecb,2995256,3847536,757624,1004128,31408,31408,2206224,2812000
1,1622394617,9de0b1314139e0d9a243ebdb78a3073a782a638e,2995256,3847536,757624,1004128,31408,31408,2206224,2812000
1,1622567865,175aaf4f2637f6136fa3e1d2eef287d7a6a91bfc,2995620,3847536,757624,1004128,31408,31408,2206588,2812000
1,1622568689,451f2536aef5a9f3e06b03239d79278b96b8206d,2997724,3847536,759728,1004128,31408,31408,2206588,2812000
1,1622575627,2efeeff7c79dfb06e6c6f644c734b3b54b8a7f2b,2999284,3847536,761288,1004128,31408,31408,2206588,2812000
1,1622671141,f44b24255ccce9d8ba13890cc378106abf2a51db,3000004,3847536,761288,1004128,31408,31408,2207308,2812000
1,1622676327,aceefd7384d037a986a13934d80eed48bc8367df,3000828,3847536,761288,1004128,31408,31408,2208132,2812000
1,1622759781,4b97acff2c299d9ffaa07a80363076bf3102c63e,3000828,3847536,761288,1004128,31408,31408,2208132,2812000
1,1623172948,d3db43df0006d5723d45534a4e90c0b517cf5430,3000828,3847536,761288,1004128,31408,31408,2208132,2812000
1,1623693016,d399c3deb6bab1baf3153d7c39a50bf2b76e1776,3002108,3847536,761288,1004128,31408,31408,2209412,2812000
1,1623694354,a4c606c522b0dafd727bfb34a729d03ba307e55c,3002108,3847536,761288,1004128,31408,31408,2209412,2812000
1,1623708674,566d107e55bd60553cf7a36bdbd6e2b7fb2460d1,3010764,3847536,761288,1004128,31408,31408,2218068,2812000
1,1623778150,c644aaa2ee41a4cb9100e67dec002812e29e461b,3010764,3847536,761288,1004128,31408,31408,2218068,2812000
1,1623783102,23dc3398828036b096526f46eb34a7148fe180c1,3010764,3847536,761288,1004128,31408,31408,2218068,2812000
1,1623952309,877544491be634f13694e81c3f8a463685c83ed9,3017340,3847536,761288,1004128,31408,31408,2224644,2812000
1,1623952927,557c47113ae093d9d2d6c800b8ac65728f2f9ca2,3018312,3847536,762260,1004128,31408,31408,2224644,2812000
1,1624123267,7984c1c5148ffb611c5e793c43070c86e0110650,3018996,3847536,762944,1004128,31408,31408,2224644,2812000
1,1624319464,0a35c752e7ec0a0416df96f47087338d578e2926,3018996,3847536,762944,1004128,31408,31408,2224644,2812000
1,1624469337,a6bd2271376af38415b40e3f3b59ac5b1c965cce,3027212,3847536,762944,1004128,31408,31408,2232860,2812000
1,1624987356,7446e5eb800110c20eb701f223748847c21920c1,3027212,3847536,762944,1004128,31408,31408,2232860,2812000
1,1625412198,3fd05c9147116c9d0c0b5366cb24105c9ead7427,3050764,3847536,762944,1004128,31408,31408,2256412,2812000
1,1625413384,cd9a2ed64817321a03a44e85439b811a0304bb9b,3051836,3847536,764016,1004128,31408,31408,2256412,2812000
1,1625414299,89f684b02622811b15d021ecb36e3fd2dadb00b7,3051836,3847536,764016,1004128,31408,31408,2256412,2812000
1,1625420537,fa0a0fe81bfe38caef467a001c3b8218ea263728,3120588,3847536,764016,1004128,31408,31408,2325164,2812000
1,1625437208,0e7c023747e937dceca2ee9614b508ff2a13e45f,3120588,3847536,764016,1004128,31408,31408,2325164,2812000
1,1625591893,8e4d1ccd3fc0e1f04fcbc0a02c1a4b8ae7f6e8d2,3120588,3847536,764016,1004128,31408,31408,2325164,2812000
1,1625678769,e632b9a1200e0411bbb54c3213682f32665f821e,3134620,3847536,764016,1004128,31408,31408,2339196,2812000
1,1627245864,ed54be7cf6ecd4d116aa82b677c04aa108d9b70d,3134620,3847536,764016,1004128,31408,31408,2339196,2812000
1,1627252465,d223e246c7545a36f648fb47a15725023287d418,3141384,3847536,770780,1004128,31408,31408,2339196,2812000
1,1627428025,cc9a04feb43cb5481e5a503259276af12a824dc1,3152716,3847536,782112,1004128,31408,31408,2339196,2812000
1,1627429498,d1a5ea5110ee3a8e7d2f0ed54921570fdccee65c,3204672,3847536,834068,1004128,31408,31408,2339196,2812000
1,1627438563,5c147e5e03e9d693213537101f56d3a6eb53f16a,3204672,3847536,834068,1004128,31408,31408,2339196,2812000
1,1627491072,6f7312a3480f722425f31fcacbd031c1155bc4d6,3206128,3847536,834068,1004128,31408,31408,2340652,2812000
1,1627509592,df5e1c63c08d74c7c558f7863e7fc1feac39aa2c,3219232,3847536,834068,1004128,31408,31408,2353756,2812000
1,1627596918,e8f93099d13005232cae047e3608324e1d01ca49,3229280,3847536,834068,1004128,31408,31408,2363804,2812000
1,1627665462,a209195183d71b988a50aabd53d34156b70ca4c5,3233264,3847536,834068,1004128,31408,31408,2367788,2812000
1,1627838121,d2bad8fb6af983bf12f7b287064a8519dcb749a5,3233264,3847536,834068,1004128,31408,31408,2367788,2812000
1,1627847056,d816ac61227ab5cf5456f5e16419c370a4e9f901,3253424,3847536,834068,1004128,31408,31408,2387948,2812000
1,1627847626,8ecd77a8f1b8c7fade3b6fd08d640c1e1017c41e,3253424,3847536,834068,1004128,31408,31408,2387948,2812000
1,1628091568,50baf812ace378f7dfc4fd088605ec65c9b86b33,3253424,3847536,834068,1004128,31408,31408,2387948,2812000
1,1628095316,75b72af8de8d41935585c3f79b8ac477777f35fe,3253424,3847536,834068,1004128,31408,31408,2387948,2812000
1,1628097583,ba4d5013a6fe1326ae511591f18f71daf5229853,3254344,3847536,834068,1004128,31408,31408,2388868,2812000
1,1628098646,3c8a5b16466ac1655a27ead00c18d73ba6e55442,3254344,3847536,834068,1004128,31408,31408,2388868,2812000
1,1628100780,ee4479831019c28f1227d0c86398dd4a4262a6b6,3323448,3847536,834068,1004128,31408,31408,2457972,2812000
1,1628100780,ee4479831019c28f1227d0c86398dd4a4262a6b6,3323448,3847536,834068,1004128,31408,31408,2457972,2812000
1,1628159209,bb4babbe150ef47f7ccd05562cbf8816433ad876,3324568,3847536,835188,1004128,31408,31408,2457972,2812000
1,1628178838,0f644b7545af96c41050da1787cf1ba0260b70c6,3324568,3847536,835188,1004128,31408,31408,2457972,2812000
1,1628274631,bc9ca97086284caeef38dc041c7a4f8953eb62ac,3353504,3847536,835188,1004128,31408,31408,2486908,2812000
1,1628277509,ca2ea1ce2ddecc410d2967dbf81dc28aceefc50d,3353504,3847536,835188,1004128,31408,31408,2486908,2812000
1,1628422108,9455c885f850f0ea728995199026f6765695f524,3353504,3847536,835188,1004128,31408,31408,2486908,2812000
1,1628445427,65f65870a115c7310c960e316800904295477dd1,3405856,3847536,835188,1004128,31408,31408,2539260,2812000
1,1628450816,6ce382bc8d2d33ed3233daf4e2e0add7f4b0f827,3447248,3847536,835188,1004128,31408,31408,2580652,2812000
1,1628457768,e34cb58640c4cd2fc284c52a582485d594f4f119,3447248,3847536,835188,1004128,31408,31408,2580652,2812000
1,1628467739,36d086877c84b5875539372024a1d777c4ff7d62,3447248,3843408,835188,1000000,31408,31408,2580652,2812000
1,1628691916,d17f9f14c564ed7ad53254f132bc3daf030da7dd,3447676,3843408,835188,1000000,31408,31408,2581080,2812000
1,1628692517,70ec8c42fc33616efbca70403f2e3f09885d5532,3449932,3843408,835188,1000000,31408,31408,2583336,2812000
1,1628702220,d95639b993f94a924d2ab66e15efc32fb633c669,3449932,3843408,835188,1000000,31408,31408,2583336,2812000
1,1628702997,1b1487a50466340c8b75ec21a31d4ce71055f034,3449932,3843408,835188,1000000,31408,31408,2583336,2812000
1,1628702997,1b1487a50466340c8b75ec21a31d4ce71055f034,3449932,3843408,835188,1000000,31408,31408,2583336,2812000
1,1628797057,a0d2cceeca7e655010b0ec0589c09803104e8192,3453920,3843408,839176,1000000,31408,31408,2583336,2812000
1,1628874601,7fee09776b195e59be910c2077226c38c4c5bdad,3453920,3843408,839176,1000000,31408,31408,2583336,2812000
1,1628933554,463283a1ace249af1f159ae586bb5f6a40397e59,3453920,3843408,839176,1000000,31408,31408,2583336,2812000
1,1629067930,1890e751b99c2915360178c46bcfbc2cd1695a82,3453920,3843408,839176,1000000,31408,31408,2583336,2812000
1,1629069358,7551dc2b71f7c6587f96c498cbd62cfd05aa292c,3453920,3843408,839176,1000000,31408,31408,2583336,2812000
1,1629133439,d1772c334039a940a187aefa99c82ce1e4b5d002,3453920,3843408,839176,1000000,31408,31408,2583336,2812000
1,1629254676,bb39f7a9f6aec76b11e759ee8d04350493f258bb,3453920,3843408,839176,1000000,31408,31408,2583336,2812000
1,1629332833,8e19b91e8088c6a370eca21fe7283740de92a119,3453920,3843408,839176,1000000,31408,31408,2583336,2812000
1,1629411051,0042acb539cad270ebba48247becc877541b445e,3453920,3843408,839176,1000000,31408,31408,2583336,2812000
1,1629411263,17c79a8f60fed52b974f757ab2cfaa94ae4d466c,3453920,3843408,839176,1000000,31408,31408,2583336,2812000
1,1629587577,556cdad7eba75560ec57533e3d60e850fd1acf4c,3453920,3843408,839176,1000000,31408,31408,2583336,2812000
1,1629589061,18c84b0be7dad29936e7bb70db017c8298c42e8f,3459292,3843408,844548,1000000,31408,31408,2583336,2812000
1,1629645917,743f42f651c0f32bf2492acd720d6da3e66f6465,3459292,3843408,844548,1000000,31408,31408,2583336,2812000
1,1629647522,5e071a014d4facda391d5373fb8694c8ebbf2803,3459292,3843408,844548,1000000,31408,31408,2583336,2812000
1,1629649129,75b2804f7223633a8e76aae4b2f596385a175265,3459292,3843408,844548,1000000,31408,31408,2583336,2812000
1,1629650858,e53081df9a8e6100c642d7b61ff791f4c2afbc92,3459292,3843408,844548,1000000,31408,31408,2583336,2812000
1,1630280534,28e72bb486e271db133e61d7548f9009ed8f1d3a,3459292,3843408,844548,1000000,31408,31408,2583336,2812000
1,1630282121,a75c70358cba32c6ffbdb820f700a994c3a715fd,3471976,3843408,857232,1000000,31408,31408,2583336,2812000
1,1630282792,e9f98f44c435e198dbfdb1cc713883c48fed1f7b,3471976,3843408,857232,1000000,31408,31408,2583336,2812000
1,1630283351,3c2b1981305c7979b21d98f2887de70f53eb18c0,3475976,3843408,857232,1000000,31408,31408,2587336,2812000
1,1630284717,37871e555fde2e781c9ab8fc50e538e30cd623c6,3476412,3843408,857668,1000000,31408,31408,2587336,2812000
1,1630285400,ead672acc8498c5843ff7125c3ebec56d159d0ce,3479724,3843408,857668,1000000,31408,31408,2590648,2812000
1,1630286672,f3c930917bca9bcc5a0c9e53a82d8e4ce8f7e6e9,3479724,3843408,857668,1000000,31408,31408,2590648,2812000
1,1630340952,f8498478c466a0a8ceb9650427cf37e3c3bf4a0b,3479724,3843408,857668,1000000,31408,31408,2590648,2812000
1,1630405323,1117783731523947813e3834ae6871a0de37108c,3479724,3843408,857668,1000000,31408,31408,2590648,2812000
1,1630416176,6ef1f3ea3e690a3371454e1b02c385a3cfaf05ec,3480960,3843408,858904,1000000,31408,31408,2590648,2812000
1,1630416602,7728f75d2a8b99b480f56690d49b4c2d9edf9299,3480960,3843408,858904,1000000,31408,31408,2590648,2812000
1,1630433981,430a172183fe6f7fe5781325386803e3f1f975cd,3480960,3843408,858904,1000000,31408,31408,2590648,2812000
1,1630450415,4444c5ea35a272e9e9ea157df92d7bb3eac8fc05,3485008,3843408,862952,1000000,31408,31408,2590648,2812000
1,1630450855,89634377c619af00fde5926aa4415c4c93743c1d,3485008,3843408,862952,1000000,31408,31408,2590648,2812000
1,1630523032,15c3a5eb9161ad396c1b0f4b1e4a02b8f81a9192,3485008,3843408,862952,1000000,31408,31408,2590648,2812000
1,1630535617,9b840ad84229dee3afc64e49df1250e06bfc7bc2,3486508,3843408,864452,1000000,31408,31408,2590648,2812000
1,1630762399,81830a6e8bfa62681924c0b535cfd1adf0423860,3486508,3843408,864452,1000000,31408,31408,2590648,2812000
1,1630763147,3de7c2119677203d688c49fe61a5885740e9b2be,3486508,3843408,864452,1000000,31408,31408,2590648,2812000
1,1630843224,2862aa6d03208e19955e280e6d110e0fcff357ce,3486508,3843408,864452,1000000,31408,31408,2590648,2812000
1,1630866877,d874cd08fce72191d48fcc0341f8fcabfa842b8e,3486508,3843408,864452,1000000,31408,31408,2590648,2812000
1,1630867262,3d57eaf01993f14d75eab1766256d1a8d808943a,3486508,3843408,864452,1000000,31408,31408,2590648,2812000
1,1631031232,c577ed1e84bc1b6137adcef459e18d5224c0e4aa,3486508,3843408,864452,1000000,31408,31408,2590648,2812000
1,1631031439,b1cd46c37c3d446d97dfb29d1f1bc920973358c2,3486508,3843408,864452,1000000,31408,31408,2590648,2812000
1,1631037050,d63ed0c17aeae4c0ccdec311212f151ab4200d5c,3492232,3843408,870176,1000000,31408,31408,2590648,2812000
1,1631038449,9c7d3688acf8f611dbc0d0b09c0a230b27e65c75,3495844,3843408,873788,1000000,31408,31408,2590648,2812000
1,1631042980,b12dd3d980097a9f83d9d46c7fe5879e84a63f42,3495844,3843408,873788,1000000,31408,31408,2590648,2812000
1,1631125130,e6edb4b31255ab9879324077ddb01e546111ee5f,3495844,3843408,873788,1000000,31408,31408,2590648,2812000
1,1631125590,90c841c435463dc4601b371e2d19d7a6f7da4bac,3495844,3843408,873788,1000000,31408,31408,2590648,2812000
1,1631444565,e31e35658dd08e9f983eef8aef0e239ecd603333,3495844,3843408,873788,1000000,31408,31408,2590648,2812000
1,1631459410,eccfd2efbf5d76f496dd0e110a2691c687e7d92d,3511716,3843408,873788,1000000,31408,31408,2606520,2812000
1,1631553607,baceca73b8a9395bab282dd80e0572594ce59179,3511716,3843408,873788,1000000,31408,31408,2606520,2812000
1,1631561351,30939ccd28063726368e4caa455f94cd63c474bc,3512948,3843408,875020,1000000,31408,31408,2606520,2812000
1,1631626996,b9ad6aac524242a633927f8e0bfc426c6d4f87cb,3512948,3843408,875020,1000000,31408,31408,2606520,2812000
1,1631747027,fbc4071cc83b431a558c2b0b3b4dfecd1a92e679,3513576,3843408,875020,1000000,31408,31408,2607148,2812000
1,1631748259,e3f1ccd9020fefd62d5f94d01ff18084517e537a,3513576,3843408,875020,1000000,31408,31408,2607148,2812000
1,1631748259,e3f1ccd9020fefd62d5f94d01ff18084517e537a,3513576,3843408,875020,1000000,31408,31408,2607148,2812000
1,1631966871,672cc6e90dd49d297896490040bb80bd2d43015b,3513576,3843408,875020,1000000,31408,31408,2607148,2812000
1,1631979640,b3814ddc1b3e4ce4e7d254260a4289c82b52b4a2,3513576,3843408,875020,1000000,31408,31408,2607148,2812000
1,1631984085,7f19430dc29aa4e7378f187c8713e1b9f2d84156,3513576,3843408,875020,1000000,31408,31408,2607148,2812000
1,1631985233,8ac359fda56924c7f50e5ddbf38026a78c09494e,3513576,3843408,875020,1000000,31408,31408,2607148,2812000
1,1632019541,50095d427c21465b7560d7178906a3dee3eea090,3517104,3843408,878548,1000000,31408,31408,2607148,2812000
1,1632156695,e51f50f0ff9d79cd4c19fb6519183fd00445719c,3535092,3843408,896536,1000000,31408,31408,2607148,2812000
1,1632160160,4ecd175bd1d6da1c43d17ab3f09d982096fcf298,3544476,3843408,896536,1000000,31408,31408,2616532,2812000
1,1632161525,ac8dd91626404d096e8929428ddb76e2b50533fb,3546052,3843408,896536,1000000,31408,31408,2618108,2812000
1,1632161721,bf53f2c95ed7fca385d5eba72d6393ae922d94dd,3552680,3843408,896536,1000000,31408,31408,2624736,2812000
1,1632163105,1c0503cd3b3725d8ecf53a9167674ff25f24d9ff,3553656,3843408,896536,1000000,31408,31408,2625712,2812000
1,1632165864,9318ba1804860a6303cf0c2faaacd58ed3904018,3555068,3843408,897948,1000000,31408,31408,2625712,2812000
1,1632166667,1fcb163451630987c59db7ed75fc9f39e1ffdc44,3557076,3843408,899956,1000000,31408,31408,2625712,2812000
1,1632180824,a9604e267fc8c3fcb0b633c9b347e7756088df7b,3568232,3843408,911112,1000000,31408,31408,2625712,2812000
1,1632214123,b18227e6adade59babf84a5ae4b26374602c39fb,3568232,3843408,911112,1000000,31408,31408,2625712,2812000
1,1632241783,3b7ed8d94339702b23c78f140409dba06d5335c7,3579448,3843408,920512,1000000,31408,31408,2627528,2812000
1,1632255544,f8015f4cd5c7944f1b0771b1f723fde2dfc8681a,3582648,3843408,923712,1000000,31408,31408,2627528,2812000
1,1632522379,8e318d257e5ac7653314db861c9cf346e54fa624,3587416,3843408,923712,1000000,31408,31408,2632296,2812000
1,1632522942,16471bb68d096289afb979a12c6cf1dc7e9a50a6,3603000,3843408,923712,1000000,31408,31408,2647880,2812000
1,1632663301,52f93d135f66f075b01b1d64b19b160f02bb0c8d,3614840,3843408,923712,1000000,31408,31408,2659720,2812000
1,1632863824,063b4aed0ce33473d0ba79f8dcdda5c2db47a9ce,3614840,3843408,923712,1000000,31408,31408,2659720,2812000
1,1632873236,c57c0f13fcd2d83d412641e71de05153c20fd6d3,3614840,3843408,923712,1000000,31408,31408,2659720,2812000
1,1633142920,5c95f70d5913ade28916464812c89c4dfa209e9e,3636016,3843408,944888,1000000,31408,31408,2659720,2812000
1,1633231029,f1d27bf6531fd6579d09dcf3078ee97c57b6fff1,3636016,3843408,944888,1000000,31408,31408,2659720,2812000
1,1633974104,a6554b4f846beed906641e2ee3eb82e20283b935,3636016,3843408,944888,1000000,31408,31408,2659720,2812000
1,1633983403,ed487b4bb849b027481c2d52b06aa5bec9d44f2c,3636016,3843408,944888,1000000,31408,31408,2659720,2812000
1,1634470329,750c0cab351cc331b07af3f5c064fa85055b172e,3636016,3843408,944888,1000000,31408,31408,2659720,2812000
1,1634672222,ceb571423db37b87336bff905078aabc6c627572,3636976,3843408,944888,1000000,31408,31408,2660680,2812000
1,1634925754,42b8cec3d02de005b49b80a373517ee641a1c00a,3636976,3843408,944888,1000000,31408,31408,2660680,2812000
1,1634932470,d539c259afd9dc4c4c44b8cd0fb994e68aa89e9c,3636976,3843408,944888,1000000,31408,31408,2660680,2812000
1,1634935455,bc1db8474fbf1ca14782c9f9ed2bf762d30fd6c2,3636976,3843408,944888,1000000,31408,31408,2660680,2812000
1,1634951338,5d89d85abad24a8f6edbebad7a900da4c5af9371,3636976,3843408,944888,1000000,31408,31408,2660680,2812000
1,1634952496,4b10b22baabfaf1753d7d7cc2d7339579ee05ed6,3636976,3843408,944888,1000000,31408,31408,2660680,2812000
1,1635036285,9b89ec5fac324f7204cda20ebc4f8527ee49b856,3636976,3843408,944888,1000000,31408,31408,2660680,2812000
1,1635090200,bfc36c57bf37185d1e54d61d4e67f98b9e8c9155,3636976,3843408,944888,1000000,31408,31408,2660680,2812000
1,1635369136,188690c602e51ae256c1dff38347be84b50058ff,3642120,3843408,950032,1000000,31408,31408,2660680,2812000
1,1635448662,bf0f26db9b9c2325cea249d6c8e0ec3b5152bcd6,3653632,3843408,950032,1000000,31408,31408,2672192,2812000
1,1635706824,916efa0f7d93f7fd65552640dfea488d3d59d198,3653632,3843408,950032,1000000,31408,31408,2672192,2812000
1,1635712769,dcb8357f72e8a2f0b37b2b2cd6f36933194b32bd,3653632,3843408,950032,1000000,31408,31408,2672192,2812000
1,1635779403,7e09accf0ea604e6fe6bb128863b4417c0875f84,3653632,3843408,950032,1000000,31408,31408,2672192,2812000
1,1635783829,fa7007d73b72c852440e037ce4a48ff58f812f2a,3653632,3843408,950032,1000000,31408,31408,2672192,2812000
1,1635789259,970513253b315c1c3243de0fb9bec045242c24ed,3653632,3843408,950032,1000000,31408,31408,2672192,2812000
1,1635790865,8e57f3bca3ed0a8c7490b7132aaea98850386999,3653632,3843408,950032,1000000,31408,31408,2672192,2812000
1,1635809387,cb43f256f3660dba99ba9fb9f435181b3d52fb47,3653632,3843408,950032,1000000,31408,31408,2672192,2812000
1,1636145166,aa7ff4e79541c089a267e385951703bf27425585,3653632,3843408,950032,1000000,31408,31408,2672192,2812000
1,1636170424,823a3c07543c2c84fa2100ea2fcf4fda0f61f52f,3678272,3843408,950032,1000000,31408,31408,2696832,2812000
1,1636304330,5ad7cf9dbb90c1609d772d57f2f171828b4bf171,3678272,3843408,950032,1000000,31408,31408,2696832,2812000
1,1636305224,fd512f02e9d6afcf07a5078b1e062ccdcacd4b54,3678272,3843408,950032,1000000,31408,31408,2696832,2812000
1,1636422705,781d497264782cc1fe789a6513ab361d737e4055,3678272,3843408,950032,1000000,31408,31408,2696832,2812000
1,1636424137,0b1841948932937d421daacc6d422a450396a8c8,3678272,3843408,950032,1000000,31408,31408,2696832,2812000
1,1636732337,80edcc3801723348c4c4350dfe8194a6274e5357,3678272,3843408,950032,1000000,31408,31408,2696832,2812000
1,1636920071,d7d74a1e1fa842758b03e7a10d35ea749b0a1b0c,3678272,3843408,950032,1000000,31408,31408,2696832,2812000
1,1636934553,768f0c2c88a77eb5ccc46c14125d5949f699a468,3688640,3843408,960400,1000000,31408,31408,2696832,2812000
1,1637012024,a3b4dcf388f7b424aedce4e9e8b130fa5c82a5d9,3745584,3843408,960400,1000000,31408,31408,2753776,2812000
1,1637103871,9ca6bfdac375b2008fcd2d19173c4017279eccde,3745584,3843408,960400,1000000,31408,31408,2753776,2812000
1,1637146346,03636166b35b4ff8fac5991bea51eccb071f1f31,3745584,3843408,960400,1000000,31408,31408,2753776,2812000
1,1637630430,a497f33bda7686e3aa948898000ecd3a861c5704,3785168,3843408,999984,1000000,31408,31408,2753776,2812000
1,1637692304,8d4828a3bee11e7de27cd3dfe96c5c9970a78edd,3785168,3843392,999984,999984,31408,31408,2753776,2812000
1,1637719668,0f58b15b2788a1fe5c299000c69ab8d3d71fc4c9,3785168,3843392,999984,999984,31408,31408,2753776,2812000
1,1637779056,665283432b7df51b8e031e91ad949402109a570f,3785168,3843392,999984,999984,31408,31408,2753776,2812000
1,1637966253,6efb59069962abeeaa2ebf1d959cd344ed2aacb9,3785168,3843392,999984,999984,31408,31408,2753776,2812000
1,1638098879,09f0dc84b8e77cf2078442069bed5ee7db34af44,3785168,3843392,999984,999984,31408,31408,2753776,2812000
1,1638103835,982e7be1f7ed06dcd8a9026b461a5908747b8087,3785168,3843392,999984,999984,31408,31408,2753776,2812000
1,1638105930,1fa6e3874b7283ec493466176c77d5ea85b4e76a,3785168,3843392,999984,999984,31408,31408,2753776,2812000
1,1638107297,54d77c71f17f530e6bf0c9d75fb76cf3f951da17,3785168,3843392,999984,999984,31408,31408,2753776,2812000
1,1638229192,d9c1dffe09d8ba9a5ec6cfa723d36f71718c9ee0,3785168,3843392,999984,999984,31408,31408,2753776,2812000
1,1638298029,783ef3a1170085aebd229f4bf243972824616a7c,3785168,3843392,999984,999984,31408,31408,2753776,2812000
1,1638314949,04a9d51e90bd87acf7205462b7206dd91ddb139c,3785168,3843392,999984,999984,31408,31408,2753776,2812000
1,1638315642,669732abbe78ad6dad6b5f7273f595befd630cba,3785168,3843392,999984,999984,31408,31408,2753776,2812000
1,1638316336,eabc91881761a82856cca3fab9a4749c60ea1fe7,3785168,3843392,999984,999984,31408,31408,2753776,2812000
1,1638317337,f1d183d6feac23275306bfa2dee939d123702765,3738240,3843392,974272,999984,10192,31408,2753776,2812000
1,1638366098,1cf11907fa8d636babba2df854850035f04bd4fc,3785168,3843392,999984,999984,31408,31408,2753776,2812000
1,1638390503,4a3809d4d25845e15fa65feba239f1ec471ac8d8,3785168,3843392,999984,999984,31408,31408,2753776,2812000
1,1638404492,ff49ace524978236263cdc4f3f785f8fc5e20592,3785168,3843392,999984,999984,31408,31408,2753776,2812000
1,1638405143,b3d5f549e70a2bfac36cb502b53d80860672544e,3785168,3843392,999984,999984,31408,31408,2753776,2812000
1,1638479095,1ac6e42b56d511918dff69d4201df96c921240e6,3785168,3843392,999984,999984,31408,31408,2753776,2812000
1,1638479959,8ff1f242faff3bf1241c09d27f4f256b3e3f76f5,3785168,3843392,999984,999984,31408,31408,2753776,2812000
1,1638484299,4390dd74b6797449b70e7b417480b55c162d8086,3843392,3843392,999984,999984,31408,31408,2812000,2812000
