csv_version,timestamp,git_hash,src,total,boot,boot_total,code,code_total,ovl,ovl_total,asm,nonMatchingFunctions,assets,assets_total,archive,archive_total,audio,audio_total,interface,interface_total,misc,misc total,objects,objects_total,scenes,scenes_total,text,text_total
2,1615435438,e788bfecbfb10afd4182332db99bb562ea75b1de,103860,4747680,31572,86160,58624,1065936,13664,3595584,4597948,49,0,40817824,0,434608,0,6029280,0,749728,0,3953872,0,13518320,0,15695712,0,436304
2,1615511099,72f2b6aa4d154514008f61cc35025875a0528e02,103860,4747680,31572,86160,58624,1065936,13664,3595584,4597948,49,0,40817824,0,434608,0,6029280,0,749728,0,3953872,0,13518320,0,15695712,0,436304
2,1615512459,a983d14081b0e0daee4428769e7968071a1e9401,103860,4747680,31572,86160,58624,1065936,13664,3595584,4597948,49,0,40817824,0,434608,0,6029280,0,749728,0,3953872,0,13518320,0,15695712,0,436304
2,1615513148,8b812cdf8e3580d91a6814e87da999be086a736b,103860,4747680,31572,86160,58624,1065936,13664,3595584,4597948,49,0,40817824,0,434608,0,6029280,0,749728,0,3953872,0,13518320,0,15695712,0,436304
2,1615774334,3a91922e8926aad35b06234262c9f3df7dd0de5e,103860,4747680,31572,86160,58624,1065936,13664,3595584,4597948,49,0,40817824,0,434608,0,6029280,0,749728,0,3953872,0,13518320,0,15695712,0,436304
2,1615944434,a53626049f6374382bf72076ab429b33d73b95a2,104656,4747680,31572,86160,59420,1065936,13664,3595584,4597152,50,0,40817824,0,434608,0,6029280,0,749728,0,3953872,0,13518320,0,15695712,0,436304
2,1615945767,8342329538eb75d01604328fec29e6bbfe6d9c1a,105712,4747680,32628,86160,59420,1065936,13664,3595584,4596096,50,0,40817824,0,434608,0,6029280,0,749728,0,3953872,0,13518320,0,15695712,0,436304
2,1615952934,22cb3c4b278052d8203ea904421682eb8df68140,105712,4747680,32628,86160,59420,1065936,13664,3595584,4596096,50,0,40817824,0,434608,0,6029280,0,749728,0,3953872,0,13518320,0,15695712,0,436304
2,1615954943,61fd3e02829f889d9a5febf328639ec33a33b74d,106416,4747680,32628,86160,59420,1065936,14368,3595584,4595392,50,0,40817824,0,434608,0,6029280,0,749728,0,3953872,0,13518320,0,15695712,0,436304
2,1616294722,0e2738b81af2ae78b962e9a3d573bed9ae823e2c,108048,4747680,32628,86160,59420,1065936,16000,3595584,4593760,50,0,40817824,0,434608,0,6029280,0,749728,0,3953872,0,13518320,0,15695712,0,436304
2,1616411667,d61a7a9ef2e89008c0f355f433fd320dce9799ba,108048,4747680,32628,86160,59420,1065936,16000,3595584,4593760,50,0,40817824,0,434608,0,6029280,0,749728,0,3953872,0,13518320,0,15695712,0,436304
2,1616429013,32d0e622fd958fb02086131ae58b1283518e7df3,108544,4747680,33124,86160,59420,1065936,16000,3595584,4593264,50,0,40817824,0,434608,0,6029280,0,749728,0,3953872,0,13518320,0,15695712,0,436304
2,1616449695,1a2e6d7ffe675de5409067e902de0f7ff87449dd,141980,4747680,33124,86160,92856,1065936,16000,3595584,4559828,56,0,40817824,0,434608,0,6029280,0,749728,0,3953872,0,13518320,0,15695712,0,436304
2,1616576305,e64d4d8bf27c55e64819afb9cfa8d993a1e5c246,144812,4747680,33124,86160,92856,1065936,18832,3595584,4556996,56,0,40817824,0,434608,0,6029280,0,749728,0,3953872,0,13518320,0,15695712,0,436304
2,1616861862,6e4d156ad788f4add678481d38f6cfa5f35e33e2,146556,4747680,33124,86160,92856,1065936,20576,3595584,4555252,56,0,40817824,0,434608,0,6029280,0,749728,0,3953872,0,13518320,0,15695712,0,436304
2,1616865236,a0b8a7c718f32df1c30f5548fee494b8be6dffe4,147532,4747680,33124,86160,93832,1065936,20576,3595584,4554276,56,0,40817824,0,434608,0,6029280,0,749728,0,3953872,0,13518320,0,15695712,0,436304
2,1616866146,d0af9587bae947909890c63a9f72f5bc5c107253,149064,4747680,33124,86160,93940,1065936,22000,3595584,4552744,56,0,40817824,0,434608,0,6029280,0,749728,0,3953872,0,13518320,0,15695712,0,436304
2,1616867079,6536afc6d3ee65c8dc86fa5009fc081242be18fe,149064,4747680,33124,86160,93940,1065936,22000,3595584,4552744,56,0,40817824,0,434608,0,6029280,0,749728,0,3953872,0,13518320,0,15695712,0,436304
2,1616869415,204790ea8b7a701631a0e83a1ddfba5100148329,151876,4747680,33124,86160,93940,1065936,24812,3595584,4549932,56,0,40817824,0,434608,0,6029280,0,749728,0,3953872,0,13518320,0,15695712,0,436304
2,1616871309,a5c039f2eec37c52976945fd80483abe1a443845,152020,4747680,33124,86160,93940,1065936,24956,3595584,4549788,56,0,40817824,0,434608,0,6029280,0,749728,0,3953872,0,13518320,0,15695712,0,436304
2,1616872209,012e3c21aeb43437d53a90c2fbd8dfe525d95915,152020,4747680,33124,86160,93940,1065936,24956,3595584,4549788,56,0,40817824,0,434608,0,6029280,0,749728,0,3953872,0,13518320,0,15695712,0,436304
2,1616873370,fee7a49abc84fbe91116f969a90570cff15decde,154688,4747680,33124,86160,96608,1065936,24956,3595584,4547120,51,0,40817824,0,434608,0,6029280,0,749728,0,3953872,0,13518320,0,15695712,0,436304
2,1616879861,623b6d531855aecb3f64cdb678843e9d423ce415,175288,4747680,43976,86160,106356,1065936,24956,3595584,4527528,46,0,40817824,0,434608,0,6029280,0,749728,0,3953872,0,13518320,0,15695712,0,436304
2,1616892942,b22e26dbd84042ffa35d4ee38f44574550d88c82,180728,4747680,43976,86160,111796,1065936,24956,3595584,4522088,50,0,40817824,0,434608,0,6029280,0,749728,0,3953872,0,13518320,0,15695712,0,436304
2,1617830176,d2c181a0a99430cd9893b022bd179cffc11dbbba,183012,4747680,43976,86160,114080,1065936,24956,3595584,4519804,39,0,40817824,0,434608,0,6029280,0,749728,0,3953872,0,13518320,0,15695712,0,436304
2,1617833299,50d0bbe0876f213dd6ad3441230b988a6c145c25,183908,4747680,43976,86160,114080,1065936,25852,3595584,4518908,39,0,40817824,0,434608,0,6029280,0,749728,0,3953872,0,13518320,0,15695712,0,436304
2,1617835103,75f1d519400434226a4a8a3e09c04c8fbb5e00c3,183908,4747680,43976,86160,114080,1065936,25852,3595584,4518908,39,0,40817824,0,434608,0,6029280,0,749728,0,3953872,0,13518320,0,15695712,0,436304
2,1618206095,84040f6ba694962295c4b3f5481661cbad977cea,189700,4747680,43976,86160,119872,1065936,25852,3595584,4513116,39,0,40817824,0,434608,0,6029280,0,749728,0,3953872,0,13518320,0,15695712,0,436304
2,1618282056,d327f3e6c38d66f6c64855a3aca8b2b01caada73,189700,4747680,43976,86160,119872,1065936,25852,3595584,4513116,39,0,40817824,0,434608,0,6029280,0,749728,0,3953872,0,13518320,0,15695712,0,436304
2,1618769774,768ca0839b862f1eff09661d9b20af51f70a738e,191140,4747680,43976,86160,119872,1065936,27292,3595584,4511676,39,0,40817824,0,434608,0,6029280,0,749728,0,3953872,0,13518320,0,15695712,0,436304
2,1618868652,e97f10a6fa573e8b817ed03a4674d52b1818dafa,191492,4747680,43976,86160,120224,1065936,27292,3595584,4511324,39,0,40817824,0,434608,0,6029280,0,749728,0,3953872,0,13518320,0,15695712,0,436304
2,1619736978,c40bb119e1f64972e6a0879110826c455a28437b,191492,4747680,43976,86160,120224,1065936,27292,3595584,4511324,39,33548,40817824,0,434608,0,6029280,0,749728,0,3953872,0,13518320,33548,15695712,0,436304
2,1619738273,69d9f32ef3cb54e0e38cc5247afc2024535dc909,191636,4747680,43976,86160,120224,1065936,27436,3595584,4511180,39,33548,40817824,0,434608,0,6029280,0,749728,0,3953872,0,13518320,33548,15695712,0,436304
2,1619743561,fed1b37da1dcab04124f27d32bec98275f7fe3f2,191972,4747680,43976,86160,120224,1065936,27772,3595584,4510844,39,33548,40817824,0,434608,0,6029280,0,749728,0,3953872,0,13518320,33548,15695712,0,436304
2,1619747693,f0cd2db05579c0237b2fa7836ac696de824844e1,192852,4747680,43976,86160,120224,1065936,28652,3595584,4509964,39,33548,40817824,0,434608,0,6029280,0,749728,0,3953872,0,13518320,33548,15695712,0,436304
2,1619838245,536a484f73f4a8a54611d8f4d692faa4bf572d3e,193940,4747680,43976,86160,120224,1065936,29740,3595584,4508876,39,33548,40817824,0,434608,0,6029280,0,749728,0,3953872,0,13518320,33548,15695712,0,436304
2,1619840215,441f33968c4954db564722cb3ee74d6005da56ca,194212,4747680,43976,86160,120224,1065936,30012,3595584,4508604,39,33548,40817824,0,434608,0,6029280,0,749728,0,3953872,0,13518320,33548,15695712,0,436304
2,1619844136,c377ffe4ac629c44d5d3a7976ca1d4ee76b9fde8,194532,4747680,43976,86160,120224,1065936,30332,3595584,4508284,39,33548,40817824,0,434608,0,6029280,0,749728,0,3953872,0,13518320,33548,15695712,0,436304
2,1619851469,1ca8a9c24dabfe979d45b3db5360ef76971a3929,200056,4747680,43976,86160,125748,1065936,30332,3595584,4502760,41,33548,40817824,0,434608,0,6029280,0,749728,0,3953872,0,13518320,33548,15695712,0,436304
2,1619886837,c7a1fb739f01c664d6fb9b03a9863763f33328b6,200328,4747680,43976,86160,125748,1065936,30604,3595584,4502488,41,33548,40817824,0,434608,0,6029280,0,749728,0,3953872,0,13518320,33548,15695712,0,436304
2,1619888309,b084717acb9e36b9761230de481075f64c00e763,200584,4747680,43976,86160,125748,1065936,30860,3595584,4502232,41,33548,40817824,0,434608,0,6029280,0,749728,0,3953872,0,13518320,33548,15695712,0,436304
2,1620076739,0d4e4ffc386a4011379670c72bd1b86d8e04581f,202024,4747680,43976,86160,125748,1065936,32300,3595584,4500792,41,33548,40817824,0,434608,0,6029280,0,749728,0,3953872,0,13518320,33548,15695712,0,436304
2,1620079628,a91eaad34c985143d2a31c8c64a7e88ee0fe820b,202216,4747680,43976,86160,125748,1065936,32492,3595584,4500600,41,33548,40817824,0,434608,0,6029280,0,749728,0,3953872,0,13518320,33548,15695712,0,436304
2,1620169185,0beaddd30b32a810bdbc26f8cbc5c402f713583e,202408,4747680,43976,86160,125748,1065936,32684,3595584,4500408,41,33548,40817824,0,434608,0,6029280,0,749728,0,3953872,0,13518320,33548,15695712,0,436304
2,1620169699,94ef01b42fb5f8bc7602d4d72e242091587504f1,202664,4747680,43976,86160,125748,1065936,32940,3595584,4500152,41,33548,40817824,0,434608,0,6029280,0,749728,0,3953872,0,13518320,33548,15695712,0,436304
2,1620172302,751c5e10490f1cc35628dd5ac05a41d23ca4b82c,203032,4747680,43976,86160,125748,1065936,33308,3595584,4499784,41,33548,40817824,0,434608,0,6029280,0,749728,0,3953872,0,13518320,33548,15695712,0,436304
2,1620173430,7605041f0aa8b0ec327b87c9847c7ee75b646c18,203864,4747680,43976,86160,125748,1065936,34140,3595584,4498952,41,33548,40817824,0,434608,0,6029280,0,749728,0,3953872,0,13518320,33548,15695712,0,436304
2,1620177365,d44d8421927371d7b915818b5c39dae549530871,204664,4747680,43976,86160,125748,1065936,34940,3595584,4498152,41,33548,40817824,0,434608,0,6029280,0,749728,0,3953872,0,13518320,33548,15695712,0,436304
2,1620180221,d61d236a047b6fe5cd521248afd83b9e14dbb193,205448,4747680,43976,86160,125748,1065936,35724,3595584,4497368,41,33548,40817824,0,434608,0,6029280,0,749728,0,3953872,0,13518320,33548,15695712,0,436304
2,1620183527,fcc87b3ae29c0dca3950ee0920cf0b298f5a73a8,205816,4747680,43976,86160,125748,1065936,36092,3595584,4497000,41,33548,40817824,0,434608,0,6029280,0,749728,0,3953872,0,13518320,33548,15695712,0,436304
2,1620184259,e39141fb3df04cfd7c0df63e4570340db5df9e1a,207240,4747680,43976,86160,125748,1065936,37516,3595584,4495576,41,33548,40817824,0,434608,0,6029280,0,749728,0,3953872,0,13518320,33548,15695712,0,436304
2,1620612762,874a75f456b8943d09e5e682811397c578ae6671,210780,4747680,43976,86160,129288,1065936,37516,3595584,4492036,38,33548,40817824,0,434608,0,6029280,0,749728,0,3953872,0,13518320,33548,15695712,0,436304
2,1620685499,23d63852deb4e5872331b3a23b5969208d667f2c,217608,4747680,43976,86160,129288,1065936,44344,3595584,4485208,38,33548,40817824,0,434608,0,6029280,0,749728,0,3953872,0,13518320,33548,15695712,0,436304
2,1620686850,cf1da451aa567a55e488c259748d95b6e6f8007b,217608,4747680,43976,86160,129288,1065936,44344,3595584,4485208,38,33548,40817824,0,434608,0,6029280,0,749728,0,3953872,0,13518320,33548,15695712,0,436304
2,1620696123,aae6d9d3644f0792a27b3c67758345c6d13e909b,217608,4747680,43976,86160,129288,1065936,44344,3595584,4485208,38,33548,40817824,0,434608,0,6029280,0,749728,0,3953872,0,13518320,33548,15695712,0,436304
2,1620954038,86bdadf4da2e9006541c8cddb3b5067da1ca1bb9,217608,4747680,43976,86160,129288,1065936,44344,3595584,4485208,38,33548,40817824,0,434608,0,6029280,0,749728,0,3953872,0,13518320,33548,15695712,0,436304
2,1620958506,4279f12414f94d46383ee494efed8281a4267ac7,219368,4747680,43976,86160,129288,1065936,46104,3595584,4483448,38,33548,40817824,0,434608,0,6029280,0,749728,0,3953872,0,13518320,33548,15695712,0,436304
2,1621372963,5a776fabde460a5a0e2fa2f9c7ac7de18c076134,219368,4747680,43976,86160,129288,1065936,46104,3595584,4483448,38,33548,40817824,0,434608,0,6029280,0,749728,0,3953872,0,13518320,33548,15695712,0,436304
2,1621373722,c6fb5665d4a311f0291735c547a01b53afb29e6a,219368,4747680,43976,86160,129288,1065936,46104,3595584,4483448,38,33548,40817824,0,434608,0,6029280,0,749728,0,3953872,0,13518320,33548,15695712,0,436304
2,1621377548,490924df236a654c8326938bf96c1eaba52e1b4d,219368,4747680,43976,86160,129288,1065936,46104,3595584,4483448,38,33548,40817824,0,434608,0,6029280,0,749728,0,3953872,0,13518320,33548,15695712,0,436304
2,1621380031,0e3e008da4e769f2614f39186b1c7869031f72a3,219368,4747680,43976,86160,129288,1065936,46104,3595584,4483448,38,33548,40817824,0,434608,0,6029280,0,749728,0,3953872,0,13518320,33548,15695712,0,436304
2,1621381991,091219d742adb529f0a34f985c3ce1b0e916726d,219368,4747680,43976,86160,129288,1065936,46104,3595584,4483448,38,33548,40817824,0,434608,0,6029280,0,749728,0,3953872,0,13518320,33548,15695712,0,436304
2,1621382436,c56934038a7b0bf7257b3355be2811e9d37a6b6a,219368,4747680,43976,86160,129288,1065936,46104,3595584,4483448,38,33548,40817824,0,434608,0,6029280,0,749728,0,3953872,0,13518320,33548,15695712,0,436304
2,1621390874,7f1465991925a27539a1bd5361331b794772efb2,219368,4747680,43976,86160,129288,1065936,46104,3595584,4483448,38,33548,40817824,0,434608,0,6029280,0,749728,0,3953872,0,13518320,33548,15695712,0,436304
2,1621391284,dea3c8fd792d29648697f697f34d3658bf3838cf,219368,4747680,43976,86160,129288,1065936,46104,3595584,4483448,38,33548,40817824,0,434608,0,6029280,0,749728,0,3953872,0,13518320,33548,15695712,0,436304
2,1621393110,4d6d9c27a4f2a349a8c9dfcbff5dd866f4cdc9de,220056,4747680,43976,86160,129976,1065936,46104,3595584,4482760,38,33548,40817824,0,434608,0,6029280,0,749728,0,3953872,0,13518320,33548,15695712,0,436304
2,1621393308,f3dc829456fb09c977264c01001e86487ef1e72f,224744,4747680,43976,86160,129976,1065936,50792,3595584,4478072,38,33548,40817824,0,434608,0,6029280,0,749728,0,3953872,0,13518320,33548,15695712,0,436304
2,1621458082,ad9c5565eeeebe71938ecee0306fe849bf7081e3,227416,4747680,43976,86160,132648,1065936,50792,3595584,4475400,36,33548,40817824,0,434608,0,6029280,0,749728,0,3953872,0,13518320,33548,15695712,0,436304
2,1621470273,5e7e5a1d9f7c343839e0c55f783005221ce870db,230056,4747680,43976,86160,132648,1065936,53432,3595584,4472760,36,33548,40817824,0,434608,0,6029280,0,749728,0,3953872,0,13518320,33548,15695712,0,436304
2,1621472312,43ccf66c483671d74700d8594d915b6cf4997069,231080,4747680,43976,86160,132648,1065936,54456,3595584,4471736,36,33548,40817824,0,434608,0,6029280,0,749728,0,3953872,0,13518320,33548,15695712,0,436304
2,1621476860,25afa196f6829c909cba0949e400d339b74f8980,231080,4747680,43976,86160,132648,1065936,54456,3595584,4471736,36,33548,40817824,0,434608,0,6029280,0,749728,0,3953872,0,13518320,33548,15695712,0,436304
2,1621545803,e17b05b8fa09a5706edbbcd884c17fd50e307084,232312,4747680,43976,86160,132648,1065936,55688,3595584,4470504,36,33548,40817824,0,434608,0,6029280,0,749728,0,3953872,0,13518320,33548,15695712,0,436304
2,1621547007,cb89346c286d440274bbbdc881835aec70664b7c,233592,4747680,43976,86160,132648,1065936,56968,3595584,4469224,36,33548,40817824,0,434608,0,6029280,0,749728,0,3953872,0,13518320,33548,15695712,0,436304
2,1621548360,458dd131419ccd4bdaaa16f3da7f8ab4b284a08a,234664,4747680,43976,86160,132648,1065936,58040,3595584,4468152,36,33548,40817824,0,434608,0,6029280,0,749728,0,3953872,0,13518320,33548,15695712,0,436304
2,1621551127,062a813fba67bedd24fd3f580c7842a29512b4d9,234664,4747680,43976,86160,132648,1065936,58040,3595584,4468152,36,33548,40817824,0,434608,0,6029280,0,749728,0,3953872,0,13518320,33548,15695712,0,436304
2,1621559190,8c62c102cfb2506845635922a886b60bf8402b53,234664,4747680,43976,86160,132648,1065936,58040,3595584,4468152,36,33548,40817824,0,434608,0,6029280,0,749728,0,3953872,0,13518320,33548,15695712,0,436304
2,1621560287,f4687fbbe76b4699e7cfd8315fb83cd00b666e3a,234664,4747680,43976,86160,132648,1065936,58040,3595584,4468152,36,33548,40817824,0,434608,0,6029280,0,749728,0,3953872,0,13518320,33548,15695712,0,436304
2,1621697781,cf3eb3b2e19bb60ec9d93b04a57127585e8ac6df,239368,4747680,43976,86160,132648,1065936,62744,3595584,4463448,36,33548,40817824,0,434608,0,6029280,0,749728,0,3953872,0,13518320,33548,15695712,0,436304
2,1621982951,6c860166039e53517e1c1da6629a361c0922dc07,239840,4747680,43976,86160,133120,1065936,62744,3595584,4462976,37,33548,40817824,0,434608,0,6029280,0,749728,0,3953872,0,13518320,33548,15695712,0,436304
2,1621991741,2f239c939d74d4a6e7ff700a59f8127ccdaae3f9,240336,4747680,43976,86160,133120,1065936,63240,3595584,4462480,37,33548,40817824,0,434608,0,6029280,0,749728,0,3953872,0,13518320,33548,15695712,0,436304
2,1622388029,f85feadc27fa1c5cfcb8d6765004ba9691d1b602,240336,4747680,43976,86160,133120,1065936,63240,3595584,4462480,37,33548,40817824,0,434608,0,6029280,0,749728,0,3953872,0,13518320,33548,15695712,0,436304
2,1622667844,7d476f7c7109035811e29343209c8847b7c8e06c,241120,4747680,43976,86160,133120,1065936,64024,3595584,4461696,37,33548,40817824,0,434608,0,6029280,0,749728,0,3953872,0,13518320,33548,15695712,0,436304
2,1622672318,f0bad10668e2b9e470f3b1b18ea488239791a87a,241120,4747680,43976,86160,133120,1065936,64024,3595584,4461696,37,33548,40817824,0,434608,0,6029280,0,749728,0,3953872,0,13518320,33548,15695712,0,436304
2,1622673196,fb84cabd4a25efaf26087084c3695773305ff906,247536,4747680,43976,86160,133120,1065936,70440,3595584,4455280,37,33548,40817824,0,434608,0,6029280,0,749728,0,3953872,0,13518320,33548,15695712,0,436304
2,1622674639,631225a626187be9cbbda3c1be075c1234194b51,248096,4747680,43976,86160,133120,1065936,71000,3595584,4454720,38,33548,40817824,0,434608,0,6029280,0,749728,0,3953872,0,13518320,33548,15695712,0,436304
2,1622675586,2bf68a5263d15b0b32db0c684a56175cf7755dbc,250496,4747680,43976,86160,133120,1065936,73400,3595584,4452320,38,33548,40817824,0,434608,0,6029280,0,749728,0,3953872,0,13518320,33548,15695712,0,436304
2,1623105116,b6904aa2cc756e1b553d65cce2f04410d21d0210,250496,4747680,43976,86160,133120,1065936,73400,3595584,4452320,38,33548,40817824,0,434608,0,6029280,0,749728,0,3953872,0,13518320,33548,15695712,0,436304
2,1623278315,83e263ab12c82135ef1ff92dc59f23c614fe4df0,254880,4747680,43976,86160,133120,1065936,77784,3595584,4447936,38,33548,40817824,0,434608,0,6029280,0,749728,0,3953872,0,13518320,33548,15695712,0,436304
2,1623278960,8b21da8c34c3f10c144c31552aeb3363e3ddae7a,258360,4747680,43976,86160,133120,1065936,81264,3595584,4444456,38,33548,40817824,0,434608,0,6029280,0,749728,0,3953872,0,13518320,33548,15695712,0,436304
2,1623279093,3ac21daf26586c23158c42e38d79de1b24304bfb,259944,4747680,43976,86160,133120,1065936,82848,3595584,4442872,38,33548,40817824,0,434608,0,6029280,0,749728,0,3953872,0,13518320,33548,15695712,0,436304
2,1623279216,511094337791e042fc16463902a54e2ef8969fa5,264504,4747680,43976,86160,133120,1065936,87408,3595584,4438312,38,33548,40817824,0,434608,0,6029280,0,749728,0,3953872,0,13518320,33548,15695712,0,436304
2,1623287022,9102481fc2da8ffd4f1f7620ad18c4ed30d2927e,270312,4747680,43976,86160,133120,1065936,93216,3595584,4432504,38,33548,40817824,0,434608,0,6029280,0,749728,0,3953872,0,13518320,33548,15695712,0,436304
2,1623326121,aae3c6f89565bf94659d66432d1dfd9ec92f8d7f,272072,4747680,43976,86160,133120,1065936,94976,3595584,4430744,38,33548,40817824,0,434608,0,6029280,0,749728,0,3953872,0,13518320,33548,15695712,0,436304
2,1623327223,e9eb4d4e0a581958e90604bb628a7f81e56bf16e,272752,4747680,43976,86160,133800,1065936,94976,3595584,4430064,36,33548,40817824,0,434608,0,6029280,0,749728,0,3953872,0,13518320,33548,15695712,0,436304
2,1623360897,ae2073e119775bd0d029cc5b8bff15e889f37a75,288032,4747680,43976,86160,133800,1065936,110256,3595584,4414784,36,33548,40817824,0,434608,0,6029280,0,749728,0,3953872,0,13518320,33548,15695712,0,436304
2,1623360946,d7fc0534419944084765f9397dcaf714ba1f4873,288032,4747680,43976,86160,133800,1065936,110256,3595584,4414784,36,33548,40817824,0,434608,0,6029280,0,749728,0,3953872,0,13518320,33548,15695712,0,436304
2,1623362740,059c9075cac9749cdd3d94523b9969dd859fcb3d,288868,4747680,43976,86160,134636,1065936,110256,3595584,4413948,33,33548,40817824,0,434608,0,6029280,0,749728,0,3953872,0,13518320,33548,15695712,0,436304
2,1623380905,70b67402cb6285c8f3f6c565ceea7b634c720c27,303604,4747680,43976,86160,134636,1065936,124992,3595584,4399212,33,33548,40817824,0,434608,0,6029280,0,749728,0,3953872,0,13518320,33548,15695712,0,436304
2,1623413709,bb7247875b3d78ee1ec31399a1335afc4a05d2ac,307888,4747680,43976,86160,134636,1065936,129276,3595584,4394928,33,33548,40817824,0,434608,0,6029280,0,749728,0,3953872,0,13518320,33548,15695712,0,436304
2,1623449025,54aef44a9e8b70591d1b626f21fa4d309cf7a595,308864,4747680,43976,86160,134636,1065936,130252,3595584,4393952,33,33548,40817824,0,434608,0,6029280,0,749728,0,3953872,0,13518320,33548,15695712,0,436304
2,1623460127,c203b9b60678046fff0ffee3bc06e148ec35b216,308864,4747680,43976,86160,134636,1065936,130252,3595584,4393952,33,33548,40817824,0,434608,0,6029280,0,749728,0,3953872,0,13518320,33548,15695712,0,436304
2,1623761119,74e418f24f70626761b7a466b150dcea06febea5,313408,4747680,43976,86160,134636,1065936,134796,3595584,4389408,33,33548,40817824,0,434608,0,6029280,0,749728,0,3953872,0,13518320,33548,15695712,0,436304
2,1623796379,80752e1107c13670373bc2a58f77e9b8a89f63e5,315232,4747680,43976,86160,134636,1065936,136620,3595584,4387584,33,33548,40817824,0,434608,0,6029280,0,749728,0,3953872,0,13518320,33548,15695712,0,436304
2,1623796981,ad3f2b525e74ee033f9a2f834831ac1e152ec7d1,317664,4747680,43976,86160,134636,1065936,139052,3595584,4385152,33,33548,40817824,0,434608,0,6029280,0,749728,0,3953872,0,13518320,33548,15695712,0,436304
2,1623797941,1961d5d7717eb91e9b12b47968fdb3589e0d6184,317664,4747680,43976,86160,134636,1065936,139052,3595584,4385152,33,33548,40817824,0,434608,0,6029280,0,749728,0,3953872,0,13518320,33548,15695712,0,436304
2,1623798298,cbe2d5a24ae4a3414c588ff9c18bcfc4e9da1bb9,317664,4747680,43976,86160,134636,1065936,139052,3595584,4385152,33,33548,40817824,0,434608,0,6029280,0,749728,0,3953872,0,13518320,33548,15695712,0,436304
2,1623798850,52d36d7373f94ce5f4b14d9461b5fedc65601888,318432,4747680,43976,86160,134636,1065936,139820,3595584,4384384,32,33548,40817824,0,434608,0,6029280,0,749728,0,3953872,0,13518320,33548,15695712,0,436304
2,1623934458,3098abd4f6f9249131b79a0213e440bfa243662d,318432,4747680,43976,86160,134636,1065936,139820,3595584,4384384,32,33548,40817824,0,434608,0,6029280,0,749728,0,3953872,0,13518320,33548,15695712,0,436304
2,1624018470,c00b38558675b4440b244fbb3284ac8fca9fe814,319200,4747680,43976,86160,134636,1065936,140588,3595584,4383616,32,33548,40817824,0,434608,0,6029280,0,749728,0,3953872,0,13518320,33548,15695712,0,436304
2,1624723205,c3feee1775d101ebb475162b86f9662a6ec1953e,320704,4747680,43976,86160,134636,1065936,142092,3595584,4382112,32,33548,40817824,0,434608,0,6029280,0,749728,0,3953872,0,13518320,33548,15695712,0,436304
2,1624916391,447ba8e990272f7d70d2abb13f88899c2f1addb7,320704,4747680,43976,86160,134636,1065936,142092,3595584,4382112,32,33548,40817824,0,434608,0,6029280,0,749728,0,3953872,0,13518320,33548,15695712,0,436304
2,1624923406,2df51868ddb4867974bceff4355e71bf96852d67,322832,4747680,43976,86160,134636,1065936,144220,3595584,4379984,32,33548,40817824,0,434608,0,6029280,0,749728,0,3953872,0,13518320,33548,15695712,0,436304
2,1624933144,3a7b44071926065f50034cc1983313c51d51b07e,326672,4747680,43976,86160,134636,1065936,148060,3595584,4376144,32,33548,40817824,0,434608,0,6029280,0,749728,0,3953872,0,13518320,33548,15695712,0,436304
2,1625019165,0f1027fae18df6ba70ddd026ecd35260a56fd1d7,328016,4747680,43976,86160,134636,1065936,149404,3595584,4374800,32,33548,40817824,0,434608,0,6029280,0,749728,0,3953872,0,13518320,33548,15695712,0,436304
2,1625192434,abef65a6dba505cf07dbc59360af644092877a1a,335596,4747680,43976,86160,134672,1065936,156948,3595584,4367256,34,33548,40817824,0,434608,0,6029280,0,749728,0,3953872,0,13518320,33548,15695712,0,436304
2,1625195726,e57fb5780d488786895e6cb0c6e872255986d045,335596,4747680,43976,86160,134672,1065936,156948,3595584,4367256,37,33548,40817824,0,434608,0,6029280,0,749728,0,3953872,0,13518320,33548,15695712,0,436304
2,1625521675,0e51bf35a169f3f73c7fb7e9f31f6ccafb4ebb25,343116,4747680,43976,86160,134672,1065936,164468,3595584,4359736,37,33548,40817824,0,434608,0,6029280,0,749728,0,3953872,0,13518320,33548,15695712,0,436304
2,1625534067,6db3fc7b323e8d81ba848a2baa372b3295a1d29e,343116,4747680,43976,86160,134672,1065936,164468,3595584,4359736,37,33548,40817824,0,434608,0,6029280,0,749728,0,3953872,0,13518320,33548,15695712,0,436304
2,1625794237,5453731f4e2cadabc518b76ebb1ea9d9d6f366b7,343116,4747680,43976,86160,134672,1065936,164468,3595584,4359736,37,33548,40817824,0,434608,0,6029280,0,749728,0,3953872,0,13518320,33548,15695712,0,436304
2,1626227345,5fcd494a7aebc025ba9182f7872c6e24ed556bf4,352316,4747680,43976,86160,134672,1065936,173668,3595584,4350536,37,33548,40817824,0,434608,0,6029280,0,749728,0,3953872,0,13518320,33548,15695712,0,436304
2,1626228117,12217a208190bf8dce34970fe73b151f2b0591be,356988,4747680,43976,86160,137040,1065936,175972,3595584,4345864,37,33548,40817824,0,434608,0,6029280,0,749728,0,3953872,0,13518320,33548,15695712,0,436304
2,1626228752,afad253fa80221a48ceb0e42e5a66cdc2651e69c,358804,4747680,43976,86160,137040,1065936,177788,3595584,4344048,37,33548,40817824,0,434608,0,6029280,0,749728,0,3953872,0,13518320,33548,15695712,0,436304
2,1626228813,1d350f1bad1d01fd6ab739f99877669cb1cf416f,362244,4747680,43976,86160,137040,1065936,181228,3595584,4340608,37,33548,40817824,0,434608,0,6029280,0,749728,0,3953872,0,13518320,33548,15695712,0,436304
2,1626321997,0b6aa837d2f0930e9631c2fd9f85f13a6b70cfe6,364932,4747680,43976,86160,137040,1065936,183916,3595584,4337920,37,33548,40817824,0,434608,0,6029280,0,749728,0,3953872,0,13518320,33548,15695712,0,436304
2,1626323600,66d065612893299bfb2553da7dd55e7de09249a1,364932,4747680,43976,86160,137040,1065936,183916,3595584,4337920,37,33548,40817824,0,434608,0,6029280,0,749728,0,3953872,0,13518320,33548,15695712,0,436304
2,1626494677,e1219e7351e0522327696006fd6577045f343ad5,409700,4747680,43976,86160,137040,1065936,228684,3595584,4293152,37,33548,40817824,0,434608,0,6029280,0,749728,0,3953872,0,13518320,33548,15695712,0,436304
2,1626496529,184e67c841b60519941a5e3b7751e536fc282606,409700,4747680,43976,86160,137040,1065936,228684,3595584,4293152,37,33548,40817824,0,434608,0,6029280,0,749728,0,3953872,0,13518320,33548,15695712,0,436304
2,1626736014,b5c931e432c079f02e7373bf4a8e5130d2df981b,416820,4747680,43976,86160,144160,1065936,228684,3595584,4286032,37,33548,40817824,0,434608,0,6029280,0,749728,0,3953872,0,13518320,33548,15695712,0,436304
2,1626737207,594a3ceaffa055dd015dd878dbe6bcf124567f9d,433092,4747680,43976,86160,144160,1065936,244956,3595584,4269760,37,33548,40817824,0,434608,0,6029280,0,749728,0,3953872,0,13518320,33548,15695712,0,436304
2,1626738569,7b154c23e1c703b0d9f41b962b59c539f7a2d4f8,434372,4747680,43976,86160,145440,1065936,244956,3595584,4268480,37,33548,40817824,0,434608,0,6029280,0,749728,0,3953872,0,13518320,33548,15695712,0,436304
2,1626740869,5fa3049236bdcfcece10c3e85d003b7fa41c8124,434372,4747680,43976,86160,145440,1065936,244956,3595584,4268480,37,33548,40817824,0,434608,0,6029280,0,749728,0,3953872,0,13518320,33548,15695712,0,436304
2,1626793625,9637e19303bdd2c99b1a03390cc1bbea786a8150,446116,4747680,43976,86160,145440,1065936,256700,3595584,4256736,37,33548,40817824,0,434608,0,6029280,0,749728,0,3953872,0,13518320,33548,15695712,0,436304
2,1626917367,87137da829c10b085925e9aae00b9dc20c3ee02f,449780,4747680,43976,86160,145440,1065936,260364,3595584,4253072,37,33548,40817824,0,434608,0,6029280,0,749728,0,3953872,0,13518320,33548,15695712,0,436304
2,1626918178,39eeb672007a04cc43fe45886ffe66e7c43c01a8,452484,4747680,43976,86160,145440,1065936,263068,3595584,4250368,32,33548,40817824,0,434608,0,6029280,0,749728,0,3953872,0,13518320,33548,15695712,0,436304
2,1626919137,1a58b590f09b2a07cb7332aaf24a3eb40a690378,464468,4747680,43976,86160,145440,1065936,275052,3595584,4238384,32,33548,40817824,0,434608,0,6029280,0,749728,0,3953872,0,13518320,33548,15695712,0,436304
2,1627008339,b23a6f15399872dd0a84ba1fd6a40ff4ab81156f,464468,4747680,43976,86160,145440,1065936,275052,3595584,4238384,32,33548,40817824,0,434608,0,6029280,0,749728,0,3953872,0,13518320,33548,15695712,0,436304
2,1627193239,ade921a2c00f8835c1e78b09a684d347f362fc1e,480820,4747680,43976,86160,145440,1065936,291404,3595584,4222032,32,33548,40817824,0,434608,0,6029280,0,749728,0,3953872,0,13518320,33548,15695712,0,436304
2,1627331429,930d605c5ca2c9b2c753b046cb4860c6edcce586,481300,4747680,43976,86160,145920,1065936,291404,3595584,4221552,32,33548,40817824,0,434608,0,6029280,0,749728,0,3953872,0,13518320,33548,15695712,0,436304
2,1627352873,c774f880e1b033c53e48fc9b438f84fa47836346,497540,4747680,43976,86160,145920,1065936,307644,3595584,4205312,32,33548,40817824,0,434608,0,6029280,0,749728,0,3953872,0,13518320,33548,15695712,0,436304
2,1627353910,b59d9a99356278b0141140c7514386dd9218ea48,501060,4747680,43976,86160,145920,1065936,311164,3595584,4201792,32,33548,40817824,0,434608,0,6029280,0,749728,0,3953872,0,13518320,33548,15695712,0,436304
2,1627365671,df1fd4adc1950ccf588f8bd21c9a21685021abb2,501060,4747680,43976,86160,145920,1065936,311164,3595584,4201792,32,33548,40817824,0,434608,0,6029280,0,749728,0,3953872,0,13518320,33548,15695712,0,436304
2,1627523702,b292647ea29e321649dbb9e52275f345157b16e8,501060,4747680,43976,86160,145920,1065936,311164,3595584,4201792,32,33548,40817824,0,434608,0,6029280,0,749728,0,3953872,0,13518320,33548,15695712,0,436304
2,1627525600,8e2f2b4cdb2b0ea7cc3588710ddb0a71f13eb4d9,517524,4747680,43976,86160,145920,1065936,327628,3595584,4185328,32,33548,40817824,0,434608,0,6029280,0,749728,0,3953872,0,13518320,33548,15695712,0,436304
2,1627526713,37fc242e228feb32f408234d6664bcf6ec949406,525412,4747680,43976,86160,145920,1065936,335516,3595584,4177440,32,33548,40817824,0,434608,0,6029280,0,749728,0,3953872,0,13518320,33548,15695712,0,436304
2,1627526786,231386fd00e3a48170041f2c802b9bb21bdc3ab8,543492,4747680,43976,86160,145920,1065936,353596,3595584,4159360,32,33548,40817824,0,434608,0,6029280,0,749728,0,3953872,0,13518320,33548,15695712,0,436304
2,1627528921,60ff2079829021dcc80f40171ca2652f3ab1f9ae,552116,4747680,43976,86160,145920,1065936,362220,3595584,4150736,32,33548,40817824,0,434608,0,6029280,0,749728,0,3953872,0,13518320,33548,15695712,0,436304
2,1628047291,7743e5a2c4b6d01c847dea8929c707e65e5e18b3,552716,4747680,43984,86160,146512,1065936,362220,3595584,4194964,32,33548,40817824,0,434608,0,6029280,0,749728,0,3953872,0,13518320,33548,15695712,0,436304
2,1628079278,51111676c48851a01ba92e8bf30a894b889a1d24,552716,4747680,43984,86160,146512,1065936,362220,3595584,4194964,32,33548,40817824,0,434608,0,6029280,0,749728,0,3953872,0,13518320,33548,15695712,0,436304
2,1628116900,ee2344bc8aff3e13b9c0de9387eb297c983357c6,559852,4747680,43984,86160,146512,1065936,369356,3595584,4187828,32,33548,40817824,0,434608,0,6029280,0,749728,0,3953872,0,13518320,33548,15695712,0,436304
2,1628130267,161da0c88181b4c1c140746f53a46ff8f80b0d78,561628,4747680,43984,86160,146512,1065936,371132,3595584,4186052,32,33548,40817824,0,434608,0,6029280,0,749728,0,3953872,0,13518320,33548,15695712,0,436304
2,1628284449,1836844ea85cb33f67cec08f4d4f06a212c943bf,576724,4747680,43984,86160,146648,1065936,386092,3595584,4170956,31,33548,40817824,0,434608,0,6029280,0,749728,0,3953872,0,13518320,33548,15695712,0,436304
2,1628354591,1c544d235172053de78e568798df1cd40ba06688,581092,4747680,43984,86160,151016,1065936,386092,3595584,4166588,31,33548,40817824,0,434608,0,6029280,0,749728,0,3953872,0,13518320,33548,15695712,0,436304
2,1628429639,12bd420f7b6c3f3472f96cd0328298f136394ee4,581092,4747680,43984,86160,151016,1065936,386092,3595584,4166588,31,33548,40817824,0,434608,0,6029280,0,749728,0,3953872,0,13518320,33548,15695712,0,436304
2,1628438554,9d807972512691b903db3df1cef47d55a3940c88,584868,4747680,43984,86160,151016,1065936,389868,3595584,4162812,31,33548,40817824,0,434608,0,6029280,0,749728,0,3953872,0,13518320,33548,15695712,0,436304
2,1628440727,368b903341957c91004b40a4781d4948ba8aec17,587828,4747680,43984,86160,151016,1065936,392828,3595584,4159852,31,33548,40817824,0,434608,0,6029280,0,749728,0,3953872,0,13518320,33548,15695712,0,436304
2,1628443693,1789cee1c90aed23b4fb3584fcc8fe3a8292fee0,595300,4747680,43984,86160,151016,1065936,400300,3595584,4152380,31,33548,40817824,0,434608,0,6029280,0,749728,0,3953872,0,13518320,33548,15695712,0,436304
2,1628445952,a35f091505b1d744d3e397b46839f5b408795cd9,605492,4747680,43984,86160,151016,1065936,410492,3595584,4142188,31,33548,40817824,0,434608,0,6029280,0,749728,0,3953872,0,13518320,33548,15695712,0,436304
2,1628450925,f5cbbc3268d96af455e2ccfe46bbcc145452eb8d,611584,4747680,43984,86160,151220,1065936,416380,3595584,4136096,31,33548,40817824,0,434608,0,6029280,0,749728,0,3953872,0,13518320,33548,15695712,0,436304
2,1628455392,a0896b08957623f6ae2877b3285562a28731a58a,616256,4747680,43984,86160,151220,1065936,421052,3595584,4131424,31,33548,40817824,0,434608,0,6029280,0,749728,0,3953872,0,13518320,33548,15695712,0,436304
2,1628457031,9dd5821669b6b249204539a02df945263f39cf2b,628864,4747680,43984,86160,151220,1065936,433660,3595584,4118816,31,33548,40817824,0,434608,0,6029280,0,749728,0,3953872,0,13518320,33548,15695712,0,436304
2,1628476846,36e6f8cb3d44afc9d09b5e8646614ae25640461f,628864,4747680,43984,86160,151220,1065936,433660,3595584,4118816,31,33548,40817824,0,434608,0,6029280,0,749728,0,3953872,0,13518320,33548,15695712,0,436304
2,1628478111,823281291bf046a9c10159d8e2c72de38fa4643c,628864,4747680,43984,86160,151220,1065936,433660,3595584,4118816,31,33548,40817824,0,434608,0,6029280,0,749728,0,3953872,0,13518320,33548,15695712,0,436304
2,1628478481,3bac4232fdd448288b7c25eb2fdced324da1e986,629428,4747680,43984,86160,151220,1065936,434224,3595584,4118252,31,33548,40817824,0,434608,0,6029280,0,749728,0,3953872,0,13518320,33548,15695712,0,436304
2,1628478847,93333067387172ec0929799a6797fe5aac0a69de,629556,4747680,43984,86160,151348,1065936,434224,3595584,4118124,31,33548,40817824,0,434608,0,6029280,0,749728,0,3953872,0,13518320,33548,15695712,0,436304
2,1628648131,82cc274b6aa358bab5de54f85edab1727916eb33,629892,4747680,44320,86160,151348,1065936,434224,3595584,4117788,31,33548,40817824,0,434608,0,6029280,0,749728,0,3953872,0,13518320,33548,15695712,0,436304
2,1628800387,1a963884f35a5ab389e3398da6fa0ed848e76b2a,629892,4747680,44320,86160,151348,1065936,434224,3595584,4117788,31,33548,40817824,0,434608,0,6029280,0,749728,0,3953872,0,13518320,33548,15695712,0,436304
2,1628809041,5dc98392e034a3f4ba1dafbf69883d657db4817d,629908,4747680,44336,86160,151348,1065936,434224,3595584,4117772,31,33548,40817824,0,434608,0,6029280,0,749728,0,3953872,0,13518320,33548,15695712,0,436304
2,1629039380,f90e3ee739689ffa404e0e45eddf2e08dc5569dd,629908,4747680,44336,86160,151348,1065936,434224,3595584,4117772,31,33548,40817824,0,434608,0,6029280,0,749728,0,3953872,0,13518320,33548,15695712,0,436304
2,1629044435,3e0801890daae63bbb22c9cfa7e2c8e84f07fa9b,634996,4747680,44336,86160,156436,1065936,434224,3595584,4112684,31,33548,40817824,0,434608,0,6029280,0,749728,0,3953872,0,13518320,33548,15695712,0,436304
2,1629050668,9eb438860cf1bcfe3ee31b1f50c43114606d4f79,634996,4747680,44336,86160,156436,1065936,434224,3595584,4112684,31,33548,40817824,0,434608,0,6029280,0,749728,0,3953872,0,13518320,33548,15695712,0,436304
2,1629290888,49922b4856655a48389dbc45138930650e252dea,635460,4747680,44800,86160,156436,1065936,434224,3595584,4112220,31,33548,40817824,0,434608,0,6029280,0,749728,0,3953872,0,13518320,33548,15695712,0,436304
2,1629299555,fa95f9e6e881457b4a711809a1bf62480cea2c82,636720,4747680,46060,86160,156436,1065936,434224,3595584,4110960,27,33548,40817824,0,434608,0,6029280,0,749728,0,3953872,0,13518320,33548,15695712,0,436304
2,1629300297,04343a12025c02030450b60f4de0698c04058567,636736,4747680,46060,86160,156452,1065936,434224,3595584,4110944,27,33548,40817824,0,434608,0,6029280,0,749728,0,3953872,0,13518320,33548,15695712,0,436304
2,1629771258,f0749d583cba45b0fa29e45bded267ea50ac095f,638912,4747680,46060,86160,156452,1065936,436400,3595584,4108768,27,33548,40817824,0,434608,0,6029280,0,749728,0,3953872,0,13518320,33548,15695712,0,436304
2,1629778273,7263ce08947d7ff1740f1f5ab83b27babd933085,638912,4747680,46060,86160,156452,1065936,436400,3595584,4108768,27,33548,40817824,0,434608,0,6029280,0,749728,0,3953872,0,13518320,33548,15695712,0,436304
2,1629848299,e6d263b738f6827fae9c78783c30f8aec4826a77,642160,4747680,46060,86160,156452,1065936,439648,3595584,4105520,27,33548,40817824,0,434608,0,6029280,0,749728,0,3953872,0,13518320,33548,15695712,0,436304
2,1629866467,5ece221fe24e9f3870de51b35d5cb69afcf787bd,642160,4747680,46060,86160,156452,1065936,439648,3595584,4105520,27,33548,40817824,0,434608,0,6029280,0,749728,0,3953872,0,13518320,33548,15695712,0,436304
2,1629868301,97e066f23f35b5bc65e31093fd074a6c1e61195b,642160,4747680,46060,86160,156452,1065936,439648,3595584,4105520,27,33548,40817824,0,434608,0,6029280,0,749728,0,3953872,0,13518320,33548,15695712,0,436304
2,1630533831,e1cb76c258b6d47a5d742dffea5b1e201d40f7bd,645952,4747680,46060,86160,156452,1065936,443440,3595584,4101728,27,33548,40817824,0,434608,0,6029280,0,749728,0,3953872,0,13518320,33548,15695712,0,436304
2,1630536282,f21f393fccf41f4aa1297f6f1966abbf70cb7030,661144,4747680,46060,86160,156780,1065936,458304,3595584,4086536,26,33548,40817824,0,434608,0,6029280,0,749728,0,3953872,0,13518320,33548,15695712,0,436304
2,1630545929,e6b73951c60072f6a788be77d23210c1d16c05e0,674984,4747680,46060,86160,156780,1065936,472144,3595584,4072696,26,33548,40817824,0,434608,0,6029280,0,749728,0,3953872,0,13518320,33548,15695712,0,436304
2,1630593088,c94fd6ccbcab53077a96bdce573ff5ec9d39e88f,674984,4747680,46060,86160,156780,1065936,472144,3595584,4072696,26,33548,40817824,0,434608,0,6029280,0,749728,0,3953872,0,13518320,33548,15695712,0,436304
2,1630594140,b3816cd26bd4a58a5ee4a8f822f3c46a9e7c91d4,675720,4747680,46060,86160,156780,1065936,472880,3595584,4071960,26,33548,40817824,0,434608,0,6029280,0,749728,0,3953872,0,13518320,33548,15695712,0,436304
2,1630596446,1f4973d9b4fbb39b01bf2e60564991c19dad2f1e,686552,4747680,46060,86160,156780,1065936,483712,3595584,4061128,26,33548,40817824,0,434608,0,6029280,0,749728,0,3953872,0,13518320,33548,15695712,0,436304
2,1630597490,6ecea0ec6f5571246cb58ccd8696d9634c282458,686552,4747680,46060,86160,156780,1065936,483712,3595584,4061128,26,33548,40817824,0,434608,0,6029280,0,749728,0,3953872,0,13518320,33548,15695712,0,436304
2,1630600031,da1265f4bcaec99bc884cb9ee0a5f61535780014,692424,4747680,46060,86160,156780,1065936,489584,3595584,4055256,26,33548,40817824,0,434608,0,6029280,0,749728,0,3953872,0,13518320,33548,15695712,0,436304
2,1632056165,b65d363cecc7bede1a827d43866a6491ced166e7,692424,4747680,46060,86160,156780,1065936,489584,3595584,4055256,26,33548,40817824,0,434608,0,6029280,0,749728,0,3953872,0,13518320,33548,15695712,0,436304
2,1632060321,3c779d7fd50105897980df72c9a9c855d258be03,703560,4747680,46060,86160,156780,1065936,500720,3595584,4044120,26,33548,40817824,0,434608,0,6029280,0,749728,0,3953872,0,13518320,33548,15695712,0,436304
2,1632062379,9312fe4d1163faa28339921f2c86cacfdca18cb4,714632,4747680,46060,86160,156780,1065936,511792,3595584,4033048,26,33548,40817824,0,434608,0,6029280,0,749728,0,3953872,0,13518320,33548,15695712,0,436304
2,1632102416,4796e6f61d0175cfbe3eeedfb40c2ef7f2b05f99,726056,4747680,46060,86160,156780,1065936,523216,3595584,4021624,26,33548,40817824,0,434608,0,6029280,0,749728,0,3953872,0,13518320,33548,15695712,0,436304
2,1632262154,367e500d02d989fd6def238d9f47ab3de29d19a4,737208,4750640,46060,86160,156780,1068896,534368,3595584,4019592,26,33548,40817824,0,434608,0,6029280,0,749728,0,3953872,0,13518320,33548,15695712,0,436304
2,1632268455,0ebd082592a7ce6d63c9b0e6b1284af03e4b21d0,737736,4750640,46588,86160,156780,1068896,534368,3595584,4019064,26,33548,40817824,0,434608,0,6029280,0,749728,0,3953872,0,13518320,33548,15695712,0,436304
2,1632269583,01a6dea81397427b4ed0f6ccf0b571444f8e15a1,737736,4750640,46588,86160,156780,1068896,534368,3595584,4019064,26,35596,40817824,0,434608,0,6029280,0,749728,0,3953872,0,13518320,35596,15695712,0,436304
2,1632357986,a59943bc4aee376eca48cbee429af75153b28570,739128,4750640,46588,86160,156780,1068896,535760,3595584,4017672,26,35596,40817824,0,434608,0,6029280,0,749728,0,3953872,0,13518320,35596,15695712,0,436304
2,1632361835,2ff7320409d1f6340bed2ea37b7ceb3a49a57525,741736,4750640,46588,86160,156780,1068896,538368,3595584,4015064,26,207372,40817824,0,434608,0,6029280,13056,749728,158720,3953872,0,13518320,35596,15695712,0,436304
2,1632438852,9e4d51fb9ffc676607f6eb793fb21ef47c891ce5,741832,4750640,46684,86160,156780,1068896,538368,3595584,4014968,26,207372,40817824,0,434608,0,6029280,13056,749728,158720,3953872,0,13518320,35596,15695712,0,436304
2,1632576975,f77cfb9020da043b2a104f9637a0d7873cfac6c9,741832,4750640,46684,86160,156780,1068896,538368,3595584,4014968,26,207372,40817824,0,434608,0,6029280,13056,749728,158720,3953872,0,13518320,35596,15695712,0,436304
2,1632578033,bc5c3866d5d7fb993abd5301d96ed76410dd0df4,745048,4750640,46684,86160,156780,1068896,541584,3595584,4011752,26,207372,40817824,0,434608,0,6029280,13056,749728,158720,3953872,0,13518320,35596,15695712,0,436304
2,1632584838,456cf789acae16667fd92220dac4c1d58295d140,745048,4750640,46684,86160,156780,1068896,541584,3595584,4011752,26,207372,40817824,0,434608,0,6029280,13056,749728,158720,3953872,0,13518320,35596,15695712,0,436304
2,1632586971,039fc4623ecbaf14e3bce46db78efbdb3272c591,756472,4750640,46684,86160,156780,1068896,553008,3595584,4000328,26,207372,40817824,0,434608,0,6029280,13056,749728,158720,3953872,0,13518320,35596,15695712,0,436304
2,1632778896,1362615cc6bc264654f4efc619c98cf53723adf3,757592,4750640,47052,86160,157532,1068896,553008,3595584,3999208,26,207372,40817824,0,434608,0,6029280,13056,749728,158720,3953872,0,13518320,35596,15695712,0,436304
2,1632787629,f642ed6eef04369fca72f106d87ff2c6f6475066,758888,4750640,48348,86160,157532,1068896,553008,3595584,3997912,26,207372,40817824,0,434608,0,6029280,13056,749728,158720,3953872,0,13518320,35596,15695712,0,436304
2,1632788468,de4cf63f63109519d1ec876cb7217422ee244d09,761960,4750640,48348,86160,157532,1068896,556080,3595584,3994840,26,207372,40817824,0,434608,0,6029280,13056,749728,158720,3953872,0,13518320,35596,15695712,0,436304
2,1632790855,a6d26c82f23c6176c4f32fe0351425829d3ca01e,761992,4750640,48380,86160,157532,1068896,556080,3595584,3994808,26,207372,40817824,0,434608,0,6029280,13056,749728,158720,3953872,0,13518320,35596,15695712,0,436304
2,1632792570,14ad66b4ed6079872fc4c546007a150ae658f3aa,764136,4750640,48380,86160,157532,1068896,558224,3595584,3992664,26,219084,40817824,0,434608,0,6029280,13056,749728,170432,3953872,0,13518320,35596,15695712,0,436304
2,1632795448,27e41b73a82b5881fe2e901c7bd636671c903c3b,777096,4750640,48380,86160,157532,1068896,571184,3595584,3979704,26,219084,40817824,0,434608,0,6029280,13056,749728,170432,3953872,0,13518320,35596,15695712,0,436304
2,1632831511,0f4bdbc0207bf7761b6a2836453784b6e6102b6c,779912,4750640,48380,86160,157532,1068896,574000,3595584,3976888,26,219084,40817824,0,434608,0,6029280,13056,749728,170432,3953872,0,13518320,35596,15695712,0,436304
2,1632835686,edb1dd46757979c5fd755c4f27bce7a69842fc9a,792952,4750640,48380,86160,157532,1068896,587040,3595584,3963848,26,219084,40817824,0,434608,0,6029280,13056,749728,170432,3953872,0,13518320,35596,15695712,0,436304
2,1632866185,9478fc760f7b049ddbcc608c0d119cf593071408,804776,4750640,48380,86160,157532,1068896,598864,3595584,3952024,26,219084,40817824,0,434608,0,6029280,13056,749728,170432,3953872,0,13518320,35596,15695712,0,436304
2,1632876604,1713e8a97d7fa550d0a4be63ee95c1a421816836,806136,4750640,48380,86160,157532,1068896,600224,3595584,3950664,26,219084,40817824,0,434608,0,6029280,13056,749728,170432,3953872,0,13518320,35596,15695712,0,436304
2,1632878259,ddc643f708543fafc73c55eddddf1f34c401cb02,806600,4750640,48380,86160,157532,1068896,600688,3595584,3950200,26,219084,40817824,0,434608,0,6029280,13056,749728,170432,3953872,0,13518320,35596,15695712,0,436304
2,1632882188,2f000058f50229ea8c0d95a75ef9f44276a4a4ca,811576,4750640,48380,86160,157532,1068896,605664,3595584,3945224,26,219084,40817824,0,434608,0,6029280,13056,749728,170432,3953872,0,13518320,35596,15695712,0,436304
2,1632884934,96cd49b6d5d642be515bdfeb97048577d8486925,816424,4750640,48380,86160,157532,1068896,610512,3595584,3940376,27,219084,40817824,0,434608,0,6029280,13056,749728,170432,3953872,0,13518320,35596,15695712,0,436304
2,1632954427,5c06a6b240c2c7c314ef1b68a134b1c0ed370037,817224,4750640,48380,86160,158332,1068896,610512,3595584,3939576,27,219084,40817824,0,434608,0,6029280,13056,749728,170432,3953872,0,13518320,35596,15695712,0,436304
2,1632955344,ef875bc2214bcdf3d9afe090bc2994fd5ec18898,817224,4750640,48380,86160,158332,1068896,610512,3595584,3939576,27,219084,40817824,0,434608,0,6029280,13056,749728,170432,3953872,0,13518320,35596,15695712,0,436304
2,1632960553,30987676884df00e563f64bde13f8c49a3f96b70,817336,4750640,48492,86160,158332,1068896,610512,3595584,3939464,27,219084,40817824,0,434608,0,6029280,13056,749728,170432,3953872,0,13518320,35596,15695712,0,436304
2,1632964106,9dfeec73458cc941e3345613710e4308e1ede7e5,817336,4750640,48492,86160,158332,1068896,610512,3595584,3939464,27,219084,40817824,0,434608,0,6029280,13056,749728,170432,3953872,0,13518320,35596,15695712,0,436304
2,1632966941,f80b08450fe6ba7e54981fa104cc3790dca8e1d1,818744,4750640,48492,86160,159740,1068896,610512,3595584,3938056,27,219084,40817824,0,434608,0,6029280,13056,749728,170432,3953872,0,13518320,35596,15695712,0,436304
2,1632968011,bd9e21b165a2589b2bc066865b9557a447c926c0,819112,4750640,48492,86160,160108,1068896,610512,3595584,3937688,27,219084,40817824,0,434608,0,6029280,13056,749728,170432,3953872,0,13518320,35596,15695712,0,436304
2,1633008885,fbd1a79942dc1af21959757ee9eec5d0ef22f0be,821544,4750640,48492,86160,160108,1068896,612944,3595584,3935256,27,219084,40817824,0,434608,0,6029280,13056,749728,170432,3953872,0,13518320,35596,15695712,0,436304
2,1633047189,48b91053ee5d1cfdba8d275b6a48cb3101978156,821640,4750640,48588,86160,160108,1068896,612944,3595584,3935160,27,219084,40817824,0,434608,0,6029280,13056,749728,170432,3953872,0,13518320,35596,15695712,0,436304
2,1633049411,b5e9427db448a6e38540cf1a34907ae580330339,821812,4750640,48588,86160,160280,1068896,612944,3595584,3934988,26,219084,40817824,0,434608,0,6029280,13056,749728,170432,3953872,0,13518320,35596,15695712,0,436304
2,1633049869,edcf4e40cbb2de55bbd2d5e49136f11d1d8b7753,821892,4750640,48668,86160,160280,1068896,612944,3595584,3934908,26,219084,40817824,0,434608,0,6029280,13056,749728,170432,3953872,0,13518320,35596,15695712,0,436304
2,1633391450,00fe40be51dbeb9bcb1423c25403670fccbce8f9,821892,4750640,48668,86160,160280,1068896,612944,3595584,3934908,26,219084,40817824,0,434608,0,6029280,13056,749728,170432,3953872,0,13518320,35596,15695712,0,436304
2,1633916184,f059baa87fbab47dd80ff8b9e3de927da1f1f134,833604,4750640,48668,86160,160280,1068896,624656,3595584,3923196,26,219084,40817824,0,434608,0,6029280,13056,749728,170432,3953872,0,13518320,35596,15695712,0,436304
2,1633958477,1774416598c04452edc02c96b831d3a975ba4f67,845748,4750640,48668,86160,160280,1068896,636800,3595584,3911052,26,219084,40817824,0,434608,0,6029280,13056,749728,170432,3953872,0,13518320,35596,15695712,0,436304
2,1633972271,28523e2980c09989d37158674e511aedb8b547ab,845748,4750640,48668,86160,160280,1068896,636800,3595584,3911052,26,219084,40817824,0,434608,0,6029280,13056,749728,170432,3953872,0,13518320,35596,15695712,0,436304
2,1633974062,a2666a6ee0d7394e6a4003110d878d171c0624f5,854968,4750640,48668,86160,160280,1068896,646020,3595584,3901832,32,219084,40817824,0,434608,0,6029280,13056,749728,170432,3953872,0,13518320,35596,15695712,0,436304
2,1633976486,d061f1c66653e0b35c3d2e8bd15ffdf5bf783877,856376,4750640,48668,86160,160280,1068896,647428,3595584,3900424,32,219084,40817824,0,434608,0,6029280,13056,749728,170432,3953872,0,13518320,35596,15695712,0,436304
2,1633976896,565b1f7579876e08f2898fe07549cb348a222e93,857832,4750640,48668,86160,161736,1068896,647428,3595584,3898968,32,219084,40817824,0,434608,0,6029280,13056,749728,170432,3953872,0,13518320,35596,15695712,0,436304
2,1633978568,d2ce39d24b31dc4ef21c3cf236415a4164815e49,858248,4750640,49084,86160,161736,1068896,647428,3595584,3898552,32,219084,40817824,0,434608,0,6029280,13056,749728,170432,3953872,0,13518320,35596,15695712,0,436304
2,1633981683,94e6ebaec9b9a6949cd0e2edeb57a21a16bc388e,871560,4750640,49084,86160,161736,1068896,660740,3595584,3885240,32,219084,40817824,0,434608,0,6029280,13056,749728,170432,3953872,0,13518320,35596,15695712,0,436304
2,1634045120,4c43661cf34544a6ffc6817912021de5679e8f42,871560,4750640,49084,86160,161736,1068896,660740,3595584,3885240,32,219084,40817824,0,434608,0,6029280,13056,749728,170432,3953872,0,13518320,35596,15695712,0,436304
2,1634056049,3aeadb42b8a195b3d2f67ce71fcd184ddf26d856,871560,4750640,49084,86160,161736,1068896,660740,3595584,3885240,32,219084,40817824,0,434608,0,6029280,13056,749728,170432,3953872,0,13518320,35596,15695712,0,436304
2,1634225114,151e098e48fcd779a296cfbdcedd8f4528f96232,871704,4750640,49084,86160,161880,1068896,660740,3595584,3885096,32,219084,40817824,0,434608,0,6029280,13056,749728,170432,3953872,0,13518320,35596,15695712,0,436304
2,1634994865,961913f18fb677ac6f95f0ab08c30bedaa616ec2,871704,4750640,49084,86160,161880,1068896,660740,3595584,3885096,32,219084,40817824,0,434608,0,6029280,13056,749728,170432,3953872,0,13518320,35596,15695712,0,436304
2,1635087554,dcf44596d2c335c1ad82ea50f7e7d934e6bc1e52,878080,4750640,53148,86160,164192,1068896,660740,3595584,3878720,34,219084,40817824,0,434608,0,6029280,13056,749728,170432,3953872,0,13518320,35596,15695712,0,436304
2,1635091476,b2747aa8b4186034d6621e8e3eccc44d14ec27a7,878080,4750640,53148,86160,164192,1068896,660740,3595584,3878720,34,219084,40817824,0,434608,0,6029280,13056,749728,170432,3953872,0,13518320,35596,15695712,0,436304
2,1635093710,ef53ba82614ae64043101360931af2ee2dd11fea,879248,4750640,53148,86160,165360,1068896,660740,3595584,3877552,34,219084,40817824,0,434608,0,6029280,13056,749728,170432,3953872,0,13518320,35596,15695712,0,436304
2,1635095206,57a9fb7b34acc1d248a07398cf1e7ce3864ad0fc,879248,4750640,53148,86160,165360,1068896,660740,3595584,3877552,34,219084,40817824,0,434608,0,6029280,13056,749728,170432,3953872,0,13518320,35596,15695712,0,436304
2,1635101808,6b8baad7bd21ac3d5016535ec59b0a451ddb4190,879248,4750640,53148,86160,165360,1068896,660740,3595584,3877552,34,219084,40817824,0,434608,0,6029280,13056,749728,170432,3953872,0,13518320,35596,15695712,0,436304
2,1635122103,4129e868820aaf98264d8add4bd1b3e0d74a4a70,880228,4750640,53148,86160,165360,1068896,661720,3595584,3876572,32,219084,40817824,0,434608,0,6029280,13056,749728,170432,3953872,0,13518320,35596,15695712,0,436304
2,1635164537,bfd1ab28a6e56f876742fb3a4b84c767a5553f33,884228,4750640,53148,86160,165360,1068896,665720,3595584,3872572,32,219084,40817824,0,434608,0,6029280,13056,749728,170432,3953872,0,13518320,35596,15695712,0,436304
2,1635166807,820d8b6270454898cc753be1c3349a60da3d6d4a,886516,4750640,53148,86160,165360,1068896,668008,3595584,3870284,32,219084,40817824,0,434608,0,6029280,13056,749728,170432,3953872,0,13518320,35596,15695712,0,436304
2,1635341332,a60c47a970f45363868a868f6ba8ad32b4fd404a,898660,4750640,53148,86160,165360,1068896,680152,3595584,3858140,32,219084,40817824,0,434608,0,6029280,13056,749728,170432,3953872,0,13518320,35596,15695712,0,436304
2,1635343346,c97a8e5225c926ca8babcb11f5cb4fbc1ac961a1,911652,4750640,53148,86160,165360,1068896,693144,3595584,3845148,32,219084,40817824,0,434608,0,6029280,13056,749728,170432,3953872,0,13518320,35596,15695712,0,436304
2,1635346761,de3fc29d517a9e807d39d6020b82ca57ca9b6e80,924100,4750640,53148,86160,165360,1068896,705592,3595584,3832700,32,219084,40817824,0,434608,0,6029280,13056,749728,170432,3953872,0,13518320,35596,15695712,0,436304
2,1635359766,8beaa7841ed5a10ad9e7b4e7097a02cf65899e12,936788,4750640,53148,86160,165360,1068896,718280,3595584,3820012,32,219084,40817824,0,434608,0,6029280,13056,749728,170432,3953872,0,13518320,35596,15695712,0,436304
2,1635361364,dc47432ce086947e0add95f538e9b4a5867e1227,937492,4750640,53148,86160,165360,1068896,718984,3595584,3819308,31,219084,40817824,0,434608,0,6029280,13056,749728,170432,3953872,0,13518320,35596,15695712,0,436304
2,1635475126,38fc110f9987d967f6a25e75220dbf995ff03600,937492,4750640,53148,86160,165360,1068896,718984,3595584,3819308,31,219084,40817824,0,434608,0,6029280,13056,749728,170432,3953872,0,13518320,35596,15695712,0,436304
2,1635532248,b1b114e142f05443524d91b4127d9bf97fe75a28,940820,4750640,53148,86160,168688,1068896,718984,3595584,3815980,32,219084,40817824,0,434608,0,6029280,13056,749728,170432,3953872,0,13518320,35596,15695712,0,436304
2,1635697510,d4effceefd6610b8bb782fec97387ed2340ec4f2,946356,4750640,53148,86160,168688,1068896,724520,3595584,3810444,32,219084,40817824,0,434608,0,6029280,13056,749728,170432,3953872,0,13518320,35596,15695712,0,436304
2,1635707228,829d1d4c2a37a1e241d5473782a3319cb08f0625,960308,4750640,53148,86160,168688,1068896,738472,3595584,3796492,32,219084,40817824,0,434608,0,6029280,13056,749728,170432,3953872,0,13518320,35596,15695712,0,436304
2,1635778024,5a4bceea2c16381f7321bebf60f6199496c51c25,976244,4750640,53148,86160,168688,1068896,754408,3595584,3780556,32,219084,40817824,0,434608,0,6029280,13056,749728,170432,3953872,0,13518320,35596,15695712,0,436304
2,1635883553,c7614777996e430d58211b8b21c9473cc4cbc044,976244,4750640,53148,86160,168688,1068896,754408,3595584,3780556,32,219084,40817824,0,434608,0,6029280,13056,749728,170432,3953872,0,13518320,35596,15695712,0,436304
2,1635888957,4841a4a0bf7c2ab92493d64c22442c4e584a7b99,976564,4750640,53468,86160,168688,1068896,754408,3595584,3780236,32,219084,40817824,0,434608,0,6029280,13056,749728,170432,3953872,0,13518320,35596,15695712,0,436304
2,1635890207,9bae8900f0d8cf097a2d9e4e58e2e507941c4fd6,976612,4750640,53516,86160,168688,1068896,754408,3595584,3780188,32,219084,40817824,0,434608,0,6029280,13056,749728,170432,3953872,0,13518320,35596,15695712,0,436304
2,1635896845,7bda32153ca8376682f083318fdbb2e36220dbdd,976612,4750640,53516,86160,168688,1068896,754408,3595584,3780188,32,219084,40817824,0,434608,0,6029280,13056,749728,170432,3953872,0,13518320,35596,15695712,0,436304
2,1635899360,b37e3db802945d95f7a67a7b648fc151349bbe45,976612,4750640,53516,86160,168688,1068896,754408,3595584,3780188,32,219084,40817824,0,434608,0,6029280,13056,749728,170432,3953872,0,13518320,35596,15695712,0,436304
2,1635947708,52960d5c2fd0bc957bf743fc8f0d43d1e4e6b99d,976996,4750640,53516,86160,169072,1068896,754408,3595584,3779804,32,219084,40817824,0,434608,0,6029280,13056,749728,170432,3953872,0,13518320,35596,15695712,0,436304
2,1635948939,888627d36468c18446a9792156fb590175c7e0c1,977124,4750640,53516,86160,169200,1068896,754408,3595584,3779676,32,219084,40817824,0,434608,0,6029280,13056,749728,170432,3953872,0,13518320,35596,15695712,0,436304
2,1635949668,11487db1ca48d0bc66cc0eccdd8702566e4fff6a,977124,4750640,53516,86160,169200,1068896,754408,3595584,3779676,32,219084,40817824,0,434608,0,6029280,13056,749728,170432,3953872,0,13518320,35596,15695712,0,436304
2,1635952254,60b9cd789e808ceb9314f6aff3e611a64e9dbfdd,986516,4750640,53516,86160,170544,1068896,762456,3595584,3770284,32,219084,40817824,0,434608,0,6029280,13056,749728,170432,3953872,0,13518320,35596,15695712,0,436304
2,1635953017,5e7c19ce295268bffc42e7b037c751e76d0d0f8d,987500,4750640,53516,86160,171528,1068896,762456,3595584,3769300,31,219084,40817824,0,434608,0,6029280,13056,749728,170432,3953872,0,13518320,35596,15695712,0,436304
2,1635954245,de6ef350c5dc72a06483342ecd9994dc3cedb09c,987852,4750640,53868,86160,171528,1068896,762456,3595584,3768948,31,219084,40817824,0,434608,0,6029280,13056,749728,170432,3953872,0,13518320,35596,15695712,0,436304
2,1635955035,efbd87cac189786e259802543718cf0ecb4f7de1,988332,4750640,54348,86160,171528,1068896,762456,3595584,3768468,31,219084,40817824,0,434608,0,6029280,13056,749728,170432,3953872,0,13518320,35596,15695712,0,436304
2,1635960915,b3438c85136bc3448cb29517662e685a2ca56139,988796,4750640,54812,86160,171528,1068896,762456,3595584,3768004,31,219084,40817824,0,434608,0,6029280,13056,749728,170432,3953872,0,13518320,35596,15695712,0,436304
2,1635962172,8250fd0941b3227d64aa4de253c96e7b9ed902ba,990220,4750640,54812,86160,172952,1068896,762456,3595584,3766580,30,219084,40817824,0,434608,0,6029280,13056,749728,170432,3953872,0,13518320,35596,15695712,0,436304
2,1635962983,8e88768a702c7888401a563620fbfe44769d3f4e,992620,4750640,54812,86160,175352,1068896,762456,3595584,3764180,30,219084,40817824,0,434608,0,6029280,13056,749728,170432,3953872,0,13518320,35596,15695712,0,436304
2,1635966730,e3830f6ab049df985295e98d3e6d231a68be060a,993772,4750640,55964,86160,175352,1068896,762456,3595584,3763028,30,219084,40817824,0,434608,0,6029280,13056,749728,170432,3953872,0,13518320,35596,15695712,0,436304
2,1635968888,78153a1bf46e8be1559ea03af6eb1521a1d3bae2,993820,4750640,56012,86160,175352,1068896,762456,3595584,3762980,30,219084,40817824,0,434608,0,6029280,13056,749728,170432,3953872,0,13518320,35596,15695712,0,436304
2,1635978620,ad4c16d40fa2465b50f207d2fa84f6fac810ac0f,997196,4747264,59388,86160,175352,1065520,762456,3595584,3759604,30,219084,40817824,0,434608,0,6029280,13056,749728,170432,3953872,0,13518320,35596,15695712,0,436304
2,1636047721,31e4089a4b21e1be07cbc8d2c8e764d231953cc4,1012136,4747264,59388,86160,175352,1065520,777396,3595584,3744664,33,219084,40817824,0,434608,0,6029280,13056,749728,170432,3953872,0,13518320,35596,15695712,0,436304
2,1636065005,418e09bf6f7ecfef792cbbe3e85f54b077038e17,1024936,4747264,59388,86160,175352,1065520,790196,3595584,3731864,33,219084,40817824,0,434608,0,6029280,13056,749728,170432,3953872,0,13518320,35596,15695712,0,436304
2,1636068962,fcb09f5e2885c7e70df098bfb71a5de38ee02f71,1024936,4747264,59388,86160,175352,1065520,790196,3595584,3731864,33,219084,40817824,0,434608,0,6029280,13056,749728,170432,3953872,0,13518320,35596,15695712,0,436304
2,1636113850,693c701025cf97dba4f1752826f05956f6e12696,1034932,4747264,59388,86160,175352,1065520,800192,3595584,3721868,36,219084,40817824,0,434608,0,6029280,13056,749728,170432,3953872,0,13518320,35596,15695712,0,436304
2,1636118062,c706b2be70c7c4934e619738e7f3251ba83d63ed,1039620,4747264,59388,86160,175352,1065520,804880,3595584,3717180,36,219084,40817824,0,434608,0,6029280,13056,749728,170432,3953872,0,13518320,35596,15695712,0,436304
2,1636124591,2907da61c3268f440e9ebb706ac1939f21a5aa7e,1040292,4747264,60060,86160,175352,1065520,804880,3595584,3716508,36,219084,40817824,0,434608,0,6029280,13056,749728,170432,3953872,0,13518320,35596,15695712,0,436304
2,1636164947,49f55ff0052340d29cffe2767fdc7d2ee5adb9f4,1040692,4747264,60060,86160,175752,1065520,804880,3595584,3716108,36,219084,40817824,0,434608,0,6029280,13056,749728,170432,3953872,0,13518320,35596,15695712,0,436304
2,1636166698,e70a8fbb992eb05d606406ae70974e56bcf912dc,1040692,4747264,60060,86160,175752,1065520,804880,3595584,3716108,36,219084,40817824,0,434608,0,6029280,13056,749728,170432,3953872,0,13518320,35596,15695712,0,436304
2,1636169396,278ff4a4b372c7ef6e2ba8b7d114d76adcfbcecc,1041668,4747264,61036,86160,175752,1065520,804880,3595584,3715132,36,219084,40817824,0,434608,0,6029280,13056,749728,170432,3953872,0,13518320,35596,15695712,0,436304
2,1636171185,77b9431f11a6ca9a1565f3041439f38b74139af6,1045604,4747264,61036,86160,175752,1065520,808816,3595584,3711196,36,219084,40817824,0,434608,0,6029280,13056,749728,170432,3953872,0,13518320,35596,15695712,0,436304
2,1636386939,6b4c24014e777f0a074cda91cdc76185db57330b,1045668,4747264,61100,86160,175752,1065520,808816,3595584,3711132,36,219084,40817824,0,434608,0,6029280,13056,749728,170432,3953872,0,13518320,35596,15695712,0,436304
2,1636602188,29746156af1871fd987bb8b6349aa24091007ce3,1046420,4747264,61852,86160,175752,1065520,808816,3595584,3710380,36,219084,40817824,0,434608,0,6029280,13056,749728,170432,3953872,0,13518320,35596,15695712,0,436304
2,1636603497,304bfa443e6b33e6027b4f0c116bf5a7a3ff3c2f,1046420,4747264,61852,86160,175752,1065520,808816,3595584,3710380,36,219084,40817824,0,434608,0,6029280,13056,749728,170432,3953872,0,13518320,35596,15695712,0,436304
2,1636604204,30ff2e12b092d33fb9c4fcffcc3fe88cae3d6a3b,1046804,4747264,62236,86160,175752,1065520,808816,3595584,3709996,36,219084,40817824,0,434608,0,6029280,13056,749728,170432,3953872,0,13518320,35596,15695712,0,436304
2,1636641400,25c60c69110530e9eee356a7c0eb0fa83f8e0432,1046804,4747264,62236,86160,175752,1065520,808816,3595584,3709996,36,219084,40817824,0,434608,0,6029280,13056,749728,170432,3953872,0,13518320,35596,15695712,0,436304
2,1636643097,d825ef5de1ea0c99336a43cc3ed573bf4323a2c0,1046804,4747264,62236,86160,175752,1065520,808816,3595584,3709996,36,219084,40817824,0,434608,0,6029280,13056,749728,170432,3953872,0,13518320,35596,15695712,0,436304
2,1636644562,2e5c142f3b66e5bca3646fa9635ed06ec6d59a30,1049284,4747264,64716,86160,175752,1065520,808816,3595584,3707516,36,219084,40817824,0,434608,0,6029280,13056,749728,170432,3953872,0,13518320,35596,15695712,0,436304
2,1636645578,c018e83d3640e235fdf1591abb53daea71f33d07,1049284,4747264,64716,86160,175752,1065520,808816,3595584,3707516,36,219084,40817824,0,434608,0,6029280,13056,749728,170432,3953872,0,13518320,35596,15695712,0,436304
2,1636648973,3ee6c436002454c04a7245a010b3133b826772fc,1049908,4747264,65340,86160,175752,1065520,808816,3595584,3706892,36,219084,40817824,0,434608,0,6029280,13056,749728,170432,3953872,0,13518320,35596,15695712,0,436304
2,1636651000,782b9277e27e13caac8f56c30eab20a9a19c338f,1050388,4747264,65820,86160,175752,1065520,808816,3595584,3706412,36,219084,40817824,0,434608,0,6029280,13056,749728,170432,3953872,0,13518320,35596,15695712,0,436304
2,1636653785,b2457400207e9b2a15be0256f2d81472fdb0d6c6,1050916,4747264,66348,86160,175752,1065520,808816,3595584,3705884,36,219084,40817824,0,434608,0,6029280,13056,749728,170432,3953872,0,13518320,35596,15695712,0,436304
2,1636655431,285381e6627f23e78e783d0274612856a0bd357b,1051700,4747264,67132,86160,175752,1065520,808816,3595584,3705100,36,219084,40817824,0,434608,0,6029280,13056,749728,170432,3953872,0,13518320,35596,15695712,0,436304
2,1636663553,987566eebe346f9dea1a2ca9db4cf5bc0c97a797,1051828,4747264,67260,86160,175752,1065520,808816,3595584,3704972,36,219084,40817824,0,434608,0,6029280,13056,749728,170432,3953872,0,13518320,35596,15695712,0,436304
2,1636665953,40ec8a9fc05e68a866e542c482603eac6740b769,1051908,4747264,67340,86160,175752,1065520,808816,3595584,3704892,36,219084,40817824,0,434608,0,6029280,13056,749728,170432,3953872,0,13518320,35596,15695712,0,436304
2,1636669669,9aef02bc329305dbdcb2729e974bb96035585ad4,1051988,4747264,67420,86160,175752,1065520,808816,3595584,3704812,36,219084,40817824,0,434608,0,6029280,13056,749728,170432,3953872,0,13518320,35596,15695712,0,436304
2,1636673070,1dba23c323cb690667e159c5b8c18416442d8c8e,1052772,4747264,68204,86160,175752,1065520,808816,3595584,3704028,36,219084,40817824,0,434608,0,6029280,13056,749728,170432,3953872,0,13518320,35596,15695712,0,436304
2,1636677971,a5d8165cd1f2dc8dbc23292fdb4fcea0ad6f44e9,1052772,4747264,68204,86160,175752,1065520,808816,3595584,3704028,36,219084,40817824,0,434608,0,6029280,13056,749728,170432,3953872,0,13518320,35596,15695712,0,436304
2,1636681319,602f348928b66a58ca377bee00365684ab3371a9,1065636,4747264,68204,86160,175752,1065520,821680,3595584,3691164,36,219084,40817824,0,434608,0,6029280,13056,749728,170432,3953872,0,13518320,35596,15695712,0,436304
2,1636925907,0a953f7aeac13df5aad6cfb96e36f88f8cc473ff,1065636,4747264,68204,86160,175752,1065520,821680,3595584,3691164,36,219084,40817824,0,434608,0,6029280,13056,749728,170432,3953872,0,13518320,35596,15695712,0,436304
2,1636927594,0c3bba3ff6b78e8b03265f01d7ee4cb6bb09d6d3,1066164,4747264,68204,86160,176280,1065520,821680,3595584,3690636,36,219084,40817824,0,434608,0,6029280,13056,749728,170432,3953872,0,13518320,35596,15695712,0,436304
2,1636930882,20f3a190f49570254f756d1bf7dfab0dc3cd3fc7,1068996,4747264,71036,86160,176280,1065520,821680,3595584,3687804,36,219084,40817824,0,434608,0,6029280,13056,749728,170432,3953872,0,13518320,35596,15695712,0,436304
2,1637017036,7134e81898d548266b8c45b389cf6a17b12a5105,1069972,4747264,71036,86160,177256,1065520,821680,3595584,3686828,36,222628,40817824,0,434608,0,6029280,13056,749728,173976,3953872,0,13518320,35596,15695712,0,436304
2,1637255329,25682591dfb6e85be01ea9c4caede45c80c38684,1071876,4747264,71036,86160,177256,1065520,823584,3595584,3684924,36,222628,40817824,0,434608,0,6029280,13056,749728,173976,3953872,0,13518320,35596,15695712,0,436304
2,1637256803,89b9d9082669993134483d79dd8e10bff552d783,1082020,4747264,71036,86160,177256,1065520,833728,3595584,3674780,36,222628,40817824,0,434608,0,6029280,13056,749728,173976,3953872,0,13518320,35596,15695712,0,436304
2,1637259309,dfc146663fe21311044ff8a2896e13513af1a590,1082356,4747264,71372,86160,177256,1065520,833728,3595584,3674444,36,222628,40817824,0,434608,0,6029280,13056,749728,173976,3953872,0,13518320,35596,15695712,0,436304
2,1637332610,d190b265f6f232ac7423d72b55f8c42583c93cb2,1082356,4747264,71372,86160,177256,1065520,833728,3595584,3674444,36,222628,40817824,0,434608,0,6029280,13056,749728,173976,3953872,0,13518320,35596,15695712,0,436304
2,1637336726,9b51336f097cd235144b758b2415706cbec117ce,1082356,4747264,71372,86160,177256,1065520,833728,3595584,3674444,36,222628,40817824,0,434608,0,6029280,13056,749728,173976,3953872,0,13518320,35596,15695712,0,436304
2,1637337152,9a424688b108104b3c0c34d9106c02fece7313c7,1082356,4747264,71372,86160,177256,1065520,833728,3595584,3674444,36,222628,40817824,0,434608,0,6029280,13056,749728,173976,3953872,0,13518320,35596,15695712,0,436304
2,1637342286,2dd84d8a9f0ccd04a4f3f62c5bab997fbaed55ed,1082356,4747264,71372,86160,177256,1065520,833728,3595584,3674444,36,222628,40817824,0,434608,0,6029280,13056,749728,173976,3953872,0,13518320,35596,15695712,0,436304
2,1637346380,c8b0ff3f747e7c3651788b703cfa355fd9c28b8c,1082356,4747264,71372,86160,177256,1065520,833728,3595584,3674444,36,222628,40817824,0,434608,0,6029280,13056,749728,173976,3953872,0,13518320,35596,15695712,0,436304
2,1637354085,2854294009725379c73e121671f7f3b0dadfed67,1087076,4747264,71372,86160,181976,1065520,833728,3595584,3669724,36,222628,40817824,0,434608,0,6029280,13056,749728,173976,3953872,0,13518320,35596,15695712,0,436304
2,1637378150,48a51163894ea9836702f415345c06531ac4fff1,1087428,4747264,71724,86160,181976,1065520,833728,3595584,3669372,36,222628,40817824,0,434608,0,6029280,13056,749728,173976,3953872,0,13518320,35596,15695712,0,436304
2,1637378253,97425f68aef4a8fc773a5ef6fb5bd61b51d40f71,1087428,4747264,71724,86160,181976,1065520,833728,3595584,3669372,36,222628,40817824,0,434608,0,6029280,13056,749728,173976,3953872,0,13518320,35596,15695712,0,436304
2,1637416897,ea17d924e4b2bd276b01c476557c2361a5ee5f20,1087428,4747264,71724,86160,181976,1065520,833728,3595584,3669372,36,222628,40817824,0,434608,0,6029280,13056,749728,173976,3953872,0,13518320,35596,15695712,0,436304
2,1637421037,837eb1c80687fe9b57a3c7b841547c33feeed6c7,1100644,4747264,71724,86160,181976,1065520,846944,3595584,3656156,36,222628,40817824,0,434608,0,6029280,13056,749728,173976,3953872,0,13518320,35596,15695712,0,436304
2,1637684958,6b493d3f9d79dd2546e833998f3b9ba8a747223a,1129924,4747264,71724,86160,211256,1065520,846944,3595584,3626876,51,222628,40817824,0,434608,0,6029280,13056,749728,173976,3953872,0,13518320,35596,15695712,0,436304
2,1638321538,ce1de034df7b7862c83ecd2b342684b65b5eb442,1133652,4747264,71724,86160,211256,1065520,850672,3595584,3623148,51,222628,40817824,0,434608,0,6029280,13056,749728,173976,3953872,0,13518320,35596,15695712,0,436304
2,1638379935,56d76d6458da240bc96ed6c4b0a82e6cf8b2ee25,1138612,4747264,71724,86160,211256,1065520,855632,3595584,3618188,51,222628,40817824,0,434608,0,6029280,13056,749728,173976,3953872,0,13518320,35596,15695712,0,436304
2,1638819737,e177e9993365ee0ed1a73186754f35d54c6e46a6,1139124,4747264,71724,86160,211768,1065520,855632,3595584,3617676,51,222628,40817824,0,434608,0,6029280,13056,749728,173976,3953872,0,13518320,35596,15695712,0,436304
2,1638822061,b0315984603474032e43c124b305997620c9d29d,1139124,4747264,71724,86160,211768,1065520,855632,3595584,3617676,51,222628,40817824,0,434608,0,6029280,13056,749728,173976,3953872,0,13518320,35596,15695712,0,436304
2,1638824601,b5da6b9bf953e03e04c154b4d9bb049e25b547f8,1140408,4747264,73008,86160,211768,1065520,855632,3595584,3616392,50,222628,40817824,0,434608,0,6029280,13056,749728,173976,3953872,0,13518320,35596,15695712,0,436304
2,1638825497,f4dfeac4a925e8b4f772d44b990af45293d6f354,1155064,4747264,73008,86160,211768,1065520,870288,3595584,3601736,50,222628,40817824,0,434608,0,6029280,13056,749728,173976,3953872,0,13518320,35596,15695712,0,436304
2,1638827128,08cf506be7812f0ecc24ddc0da73c730017dd669,1169352,4747264,73008,86160,211768,1065520,884576,3595584,3587448,50,222628,40817824,0,434608,0,6029280,13056,749728,173976,3953872,0,13518320,35596,15695712,0,436304
2,1638827459,5b7df3f1ca1244d6d115b9aed09b212554e679f8,1169768,4747264,73008,86160,211768,1065520,884992,3595584,3587032,50,222628,40817824,0,434608,0,6029280,13056,749728,173976,3953872,0,13518320,35596,15695712,0,436304
2,1638829728,64ecb146ae2c9653276c791a0274971beda3451e,1170056,4747264,73008,86160,211768,1065520,885280,3595584,3586744,50,222628,40817824,0,434608,0,6029280,13056,749728,173976,3953872,0,13518320,35596,15695712,0,436304
2,1638834738,d218c9be2313fa900b518310d8c9b715425455ef,1171256,4747264,73008,86160,211768,1065520,886480,3595584,3585544,50,222628,40817824,0,434608,0,6029280,13056,749728,173976,3953872,0,13518320,35596,15695712,0,436304
2,1638837591,1ab0fb5557ccf87bcad183bc0ced1dc984c78b31,1171256,4747264,73008,86160,211768,1065520,886480,3595584,3585544,50,222628,40817824,0,434608,0,6029280,13056,749728,173976,3953872,0,13518320,35596,15695712,0,436304
2,1638841523,22c72301dc0fd2b98d8aebbb5a774daec3473e76,1180264,4747264,73008,86160,211768,1065520,895488,3595584,3576536,50,222628,40817824,0,434608,0,6029280,13056,749728,173976,3953872,0,13518320,35596,15695712,0,436304
2,1638842511,93d7fe080b09b54f953f5213f550235b2a593b8a,1180264,4747264,73008,86160,211768,1065520,895488,3595584,3576536,50,222628,40817824,0,434608,0,6029280,13056,749728,173976,3953872,0,13518320,35596,15695712,0,436304
2,1638843198,6ae28a789ac6a5a3c4cac69f7ecabc82b0d150e5,1180264,4747264,73008,86160,211768,1065520,895488,3595584,3576536,50,222628,40817824,0,434608,0,6029280,13056,749728,173976,3953872,0,13518320,35596,15695712,0,436304
2,1638847105,ad02db9b8271184eaa30cc60c3897ea1ab930cde,1185444,4747264,73008,86160,211768,1065520,900668,3595584,3571356,49,222628,40817824,0,434608,0,6029280,13056,749728,173976,3953872,0,13518320,35596,15695712,0,436304
2,1638851762,ff231e093a2fb34ca85eff71115ff777719cdb6d,1186580,4747264,73008,86160,212904,1065520,900668,3595584,3570220,49,222628,40817824,0,434608,0,6029280,13056,749728,173976,3953872,0,13518320,35596,15695712,0,436304